sale_id,order_date,company,contact_email,region,country,industry,channel,campaign,product,edition,sales_rep,status,quantity,unit_price,discount_pct,tax_pct,shipping,subtotal,total,currency,renewal,tags,notes
SALE-00001,2026-01-01,"Acme, SaaS",person1@example.com,North America,US,SaaS,Email,FY26-1,Atlas,Starter,Katherine 6,Prospecting,1,22.5,15,0,0,22.5,19.13,USD,2026-06-30,Platform;Atlas,"Customer said ""send a revised quote"", follow up next week."
SALE-00002,2026-01-04,Globex Fintech 2,person2@example.com,Europe,GB,Fintech,Chat,FY26-2,Beacon,Pro,Edsger 7,Qualified,8,1447.92,0,7,12.5,11583.36,12406.7,EUR,2026-07-03,Growth;Beacon,Sales note 2
SALE-00003,2026-01-07,Initech Retail 3,person3@example.com,Asia Pacific,IL,Retail,Phone,FY26-3,Canvas,Team,Radia 8,Proposal,15,2873.34,0,17,25,43100.1,50452.12,GBP,2026-07-06,Design;Canvas,Sales note 3
SALE-00004,2026-01-10,Umbrella Healthcare 4,person4@example.com,Middle East,DE,Healthcare,Web,FY26-4,Delta,Enterprise,Barbara 9,Won,22,4298.76,5,20,37.5,94572.72,107850.4,ILS,2026-07-09,Data;Delta,Sales note 4
SALE-00005,2026-01-13,Stark Media 5,person5@example.com,Latin America,JP,Media,Partner,FY26-5,Echo,Starter,Donald 10,Lost,4,1404.18,0,0,0,5616.72,5616.72,JPY,2026-07-12,Security;Echo,Sales note 5
SALE-00006,2026-01-16,Wayne Logistics 6,person6@example.com,North America,BR,Logistics,Email,FY26-6,Forge,Pro,Ada 11,Prospecting,11,2829.6,15,7,12.5,31125.6,28321.23,USD,2026-07-15,Support;Forge,Sales note 6
SALE-00007,2026-01-19,Wonka SaaS 7,person7@example.com,Europe,US,SaaS,Chat,FY26-7,Helix,Team,Grace 12,Qualified,18,4255.02,5,17,25,76590.36,85155.19,EUR,2026-07-18,Platform;Helix,Sales note 7
SALE-00008,2026-01-22,Acme Fintech 8,person8@example.com,Asia Pacific,GB,Fintech,Phone,FY26-8,Ion,Enterprise,Linus 13,Proposal,25,1360.44,0,20,37.5,34011,40850.7,GBP,2026-07-21,Growth;Ion,Sales note 8
SALE-00009,2026-01-25,Globex Retail 9,person9@example.com,Middle East,IL,Retail,Web,FY26-9,Atlas,Starter,Margaret 14,Won,7,2785.86,0,0,0,19501.02,19501.02,ILS,2026-07-24,Design;Atlas,Sales note 9
SALE-00010,2026-01-28,Initech Healthcare 10,person10@example.com,Latin America,DE,Healthcare,Partner,FY26-10,Beacon,Pro,Alan 15,Lost,14,4211.28,5,7,12.5,58957.92,59943.23,JPY,2026-07-27,Data;Beacon,Sales note 10
SALE-00011,2026-01-31,Umbrella Media 11,person11@example.com,North America,JP,Media,Email,FY26-11,Canvas,Team,Katherine 16,Prospecting,21,1316.7,15,17,25,27650.7,27523.62,USD,2026-07-30,Security;Canvas,Sales note 11
SALE-00012,2026-02-03,Stark Logistics 12,person12@example.com,Europe,BR,Logistics,Chat,FY26-12,Delta,Enterprise,Edsger 17,Qualified,3,2742.12,0,20,37.5,8226.36,9909.13,EUR,2026-08-02,Support;Delta,Sales note 12
SALE-00013,2026-02-06,Wayne SaaS 13,person13@example.com,Asia Pacific,US,SaaS,Phone,FY26-1,Echo,Starter,Radia 18,Proposal,10,4167.54,5,0,0,41675.4,39591.63,GBP,2026-08-05,Platform;Echo,Sales note 13
SALE-00014,2026-02-09,Wonka Fintech 14,person14@example.com,Middle East,GB,Fintech,Web,FY26-2,Forge,Pro,Barbara 19,Won,17,1272.96,0,7,12.5,21640.32,23167.64,ILS,2026-08-08,Growth;Forge,Sales note 14
SALE-00015,2026-02-12,Acme Retail 15,person15@example.com,Latin America,IL,Retail,Partner,FY26-3,Helix,Team,Donald 20,Lost,24,2698.38,0,17,25,64761.12,75795.51,JPY,2026-08-11,Design;Helix,Sales note 15
SALE-00016,2026-02-15,Globex Healthcare 16,person16@example.com,North America,DE,Healthcare,Email,FY26-4,Ion,Enterprise,Ada 21,Prospecting,6,4123.8,15,20,37.5,24742.8,25275.16,USD,2026-08-14,Data;Ion,Sales note 16
SALE-00017,2026-02-18,Initech Media 17,person17@example.com,Europe,JP,Media,Chat,FY26-5,Atlas,Starter,Grace 22,Qualified,13,1229.22,0,0,0,15979.86,15979.86,EUR,2026-08-17,Security;Atlas,Sales note 17
SALE-00018,2026-02-21,"Acme, Logistics",person18@example.com,Asia Pacific,BR,Logistics,Phone,FY26-6,Beacon,Pro,Linus 23,Proposal,20,2654.64,0,7,12.5,53092.8,56821.8,GBP,2026-08-20,Support;Beacon,Sales note 18
SALE-00019,2026-02-24,Stark SaaS 19,person19@example.com,Middle East,US,SaaS,Web,FY26-7,Canvas,Team,Margaret 24,Won,2,4080.06,5,17,25,8160.12,9094.97,ILS,2026-08-23,Platform;Canvas,Sales note 19
SALE-00020,2026-02-27,Wayne Fintech 20,person20@example.com,Latin America,GB,Fintech,Partner,FY26-8,Delta,Enterprise,Alan 25,Lost,9,1185.48,0,20,37.5,10669.32,12840.68,JPY,2026-08-26,Growth;Delta,Sales note 20
SALE-00021,2026-03-02,Wonka Retail 21,person21@example.com,North America,IL,Retail,Email,FY26-9,Echo,Starter,Katherine 26,Prospecting,16,2610.9,15,0,0,41774.4,35508.24,USD,2026-08-29,Design;Echo,Sales note 21
SALE-00022,2026-03-05,Acme Healthcare 22,person22@example.com,Europe,DE,Healthcare,Chat,FY26-10,Forge,Pro,Edsger 27,Qualified,23,4036.32,5,7,12.5,92835.36,94379.64,EUR,2026-09-01,Data;Forge,Sales note 22
SALE-00023,2026-03-08,Globex Media 23,person23@example.com,Asia Pacific,JP,Media,Phone,FY26-11,Helix,Team,Radia 28,Proposal,5,1141.74,0,17,25,5708.7,6704.18,GBP,2026-09-04,Security;Helix,Sales note 23
SALE-00024,2026-03-11,Initech Logistics 24,person24@example.com,Middle East,BR,Logistics,Web,FY26-12,Ion,Enterprise,Barbara 29,Won,12,2567.16,0,20,37.5,30805.92,37004.6,ILS,2026-09-07,Support;Ion,"Customer said ""send a revised quote"", follow up next week."
SALE-00025,2026-03-14,Umbrella SaaS 25,person25@example.com,Latin America,US,SaaS,Partner,FY26-1,Atlas,Starter,Donald 30,Lost,19,3992.58,5,0,0,75859.02,72066.07,JPY,2026-09-10,Platform;Atlas,Sales note 25
SALE-00026,2026-03-17,Stark Fintech 26,person26@example.com,North America,GB,Fintech,Email,FY26-2,Beacon,Pro,Ada 1,Prospecting,1,1098,15,7,12.5,1098,1011.13,USD,2026-09-13,Growth;Beacon,Sales note 26
SALE-00027,2026-03-20,Wayne Retail 27,person27@example.com,Europe,IL,Retail,Chat,FY26-3,Canvas,Team,Grace 2,Qualified,8,2523.42,0,17,25,20187.36,23644.21,EUR,2026-09-16,Design;Canvas,Sales note 27
SALE-00028,2026-03-23,Wonka Healthcare 28,person28@example.com,Asia Pacific,DE,Healthcare,Phone,FY26-4,Delta,Enterprise,Linus 3,Proposal,15,3948.84,5,20,37.5,59232.6,67562.66,GBP,2026-09-19,Data;Delta,Sales note 28
SALE-00029,2026-03-26,Acme Media 29,person29@example.com,Middle East,JP,Media,Web,FY26-5,Echo,Starter,Margaret 4,Won,22,1054.26,0,0,0,23193.72,23193.72,ILS,2026-09-22,Security;Echo,Sales note 29
SALE-00030,2026-03-29,Globex Logistics 30,person30@example.com,Latin America,BR,Logistics,Partner,FY26-6,Forge,Pro,Alan 5,Lost,4,2479.68,0,7,12.5,9918.72,10625.53,JPY,2026-09-25,Support;Forge,Sales note 30
SALE-00031,2026-04-01,Initech SaaS 31,person1@example.com,North America,US,SaaS,Email,FY26-7,Helix,Team,Katherine 6,Prospecting,11,3905.1,15,17,25,42956.1,42744.84,USD,2026-09-28,Platform;Helix,Sales note 31
SALE-00032,2026-04-04,Umbrella Fintech 32,person2@example.com,Europe,GB,Fintech,Chat,FY26-8,Ion,Enterprise,Edsger 7,Qualified,18,1010.52,0,20,37.5,18189.36,21864.73,EUR,2026-10-01,Growth;Ion,Sales note 32
SALE-00033,2026-04-07,Stark Retail 33,person3@example.com,Asia Pacific,IL,Retail,Phone,FY26-9,Atlas,Starter,Radia 8,Proposal,25,2435.94,0,0,0,60898.5,60898.5,GBP,2026-10-04,Design;Atlas,Sales note 33
SALE-00034,2026-04-10,Wayne Healthcare 34,person4@example.com,Middle East,DE,Healthcare,Web,FY26-10,Beacon,Pro,Barbara 9,Won,7,3861.36,5,7,12.5,27029.52,27488.01,ILS,2026-10-07,Data;Beacon,Sales note 34
SALE-00035,2026-04-13,"Acme, Media",person5@example.com,Latin America,JP,Media,Partner,FY26-11,Canvas,Team,Donald 10,Lost,14,966.78,0,17,25,13534.92,15860.86,JPY,2026-10-10,Security;Canvas,Sales note 35
SALE-00036,2026-04-16,Acme Logistics 36,person6@example.com,North America,BR,Logistics,Email,FY26-12,Delta,Enterprise,Ada 11,Prospecting,21,2392.2,15,20,37.5,50236.2,51278.42,USD,2026-10-13,Support;Delta,Sales note 36
SALE-00037,2026-04-19,Globex SaaS 37,person7@example.com,Europe,US,SaaS,Chat,FY26-1,Echo,Starter,Grace 12,Qualified,3,3817.62,5,0,0,11452.86,10880.22,EUR,2026-10-16,Platform;Echo,Sales note 37
SALE-00038,2026-04-22,Initech Fintech 38,person8@example.com,Asia Pacific,GB,Fintech,Phone,FY26-2,Forge,Pro,Linus 13,Proposal,10,923.04,0,7,12.5,9230.4,9889.03,GBP,2026-10-19,Growth;Forge,Sales note 38
SALE-00039,2026-04-25,Umbrella Retail 39,person9@example.com,Middle East,IL,Retail,Web,FY26-3,Helix,Team,Margaret 14,Won,17,2348.46,0,17,25,39923.82,46735.87,ILS,2026-10-22,Design;Helix,Sales note 39
SALE-00040,2026-04-28,Stark Healthcare 40,person10@example.com,Latin America,DE,Healthcare,Partner,FY26-4,Ion,Enterprise,Alan 15,Lost,24,3773.88,5,20,37.5,90573.12,103290.86,JPY,2026-10-25,Data;Ion,Sales note 40
SALE-00041,2026-05-01,Wayne Media 41,person11@example.com,North America,JP,Media,Email,FY26-5,Atlas,Starter,Katherine 16,Prospecting,6,879.3,15,0,0,5275.8,4484.43,USD,2026-10-28,Security;Atlas,Sales note 41
SALE-00042,2026-05-04,Wonka Logistics 42,person12@example.com,Europe,BR,Logistics,Chat,FY26-6,Beacon,Pro,Edsger 17,Qualified,13,2304.72,0,7,12.5,29961.36,32071.16,EUR,2026-10-31,Support;Beacon,Sales note 42
SALE-00043,2026-05-07,Acme SaaS 43,person13@example.com,Asia Pacific,US,SaaS,Phone,FY26-7,Canvas,Team,Radia 18,Proposal,20,3730.14,5,17,25,74602.8,82946.01,GBP,2026-11-03,Platform;Canvas,Sales note 43
SALE-00044,2026-05-10,Globex Fintech 44,person14@example.com,Middle East,GB,Fintech,Web,FY26-8,Delta,Enterprise,Barbara 19,Won,2,835.56,0,20,37.5,1671.12,2042.84,ILS,2026-11-06,Growth;Delta,Sales note 44
SALE-00045,2026-05-13,Initech Retail 45,person15@example.com,Latin America,IL,Retail,Partner,FY26-9,Echo,Starter,Donald 20,Lost,9,2260.98,0,0,0,20348.82,20348.82,JPY,2026-11-09,Design;Echo,Sales note 45
SALE-00046,2026-05-16,Umbrella Healthcare 46,person16@example.com,North America,DE,Healthcare,Email,FY26-10,Forge,Pro,Ada 21,Prospecting,16,3686.4,15,7,12.5,58982.4,53656.99,USD,2026-11-12,Data;Forge,Sales note 46
SALE-00047,2026-05-19,Stark Media 47,person17@example.com,Europe,JP,Media,Chat,FY26-11,Helix,Team,Grace 22,Qualified,23,791.82,0,17,25,18211.86,21332.88,EUR,2026-11-15,Security;Helix,"Customer said ""send a revised quote"", follow up next week."
SALE-00048,2026-05-22,Wayne Logistics 48,person18@example.com,Asia Pacific,BR,Logistics,Phone,FY26-12,Ion,Enterprise,Linus 23,Proposal,5,2217.24,0,20,37.5,11086.2,13340.94,GBP,2026-11-18,Support;Ion,Sales note 48
SALE-00049,2026-05-25,Wonka SaaS 49,person19@example.com,Middle East,US,SaaS,Web,FY26-1,Atlas,Starter,Margaret 24,Won,12,3642.66,5,0,0,43711.92,41526.32,ILS,2026-11-21,Platform;Atlas,Sales note 49
SALE-00050,2026-05-28,Acme Fintech 50,person20@example.com,Latin America,GB,Fintech,Partner,FY26-2,Beacon,Pro,Alan 25,Lost,19,748.08,0,7,12.5,14213.52,15220.97,JPY,2026-11-24,Growth;Beacon,Sales note 50
SALE-00051,2026-05-31,Globex Retail 51,person21@example.com,North America,IL,Retail,Email,FY26-3,Canvas,Team,Katherine 26,Prospecting,1,2173.5,15,17,25,2173.5,2186.55,USD,2026-01-01,Design;Canvas,Sales note 51
SALE-00052,2026-06-03,"Acme, Healthcare",person22@example.com,Europe,DE,Healthcare,Chat,FY26-4,Delta,Enterprise,Edsger 27,Qualified,8,3598.92,5,20,37.5,28791.36,32859.65,EUR,2026-01-04,Data;Delta,Sales note 52
SALE-00053,2026-06-06,Umbrella Media 53,person23@example.com,Asia Pacific,JP,Media,Phone,FY26-5,Echo,Starter,Radia 28,Proposal,15,704.34,0,0,0,10565.1,10565.1,GBP,2026-01-07,Security;Echo,Sales note 53
SALE-00054,2026-06-09,Stark Logistics 54,person24@example.com,Middle East,BR,Logistics,Web,FY26-6,Forge,Pro,Barbara 29,Won,22,2129.76,0,7,12.5,46854.72,50147.05,ILS,2026-01-10,Support;Forge,Sales note 54
SALE-00055,2026-06-12,Wayne SaaS 55,person25@example.com,Latin America,US,SaaS,Partner,FY26-7,Helix,Team,Donald 30,Lost,4,3555.18,5,17,25,14220.72,15831.33,JPY,2026-01-13,Platform;Helix,Sales note 55
SALE-00056,2026-06-15,Wonka Fintech 56,person26@example.com,North America,GB,Fintech,Email,FY26-8,Ion,Enterprise,Ada 1,Prospecting,11,660.6,15,20,37.5,7266.6,7449.43,USD,2026-01-16,Growth;Ion,Sales note 56
SALE-00057,2026-06-18,Acme Retail 57,person27@example.com,Europe,IL,Retail,Chat,FY26-9,Atlas,Starter,Grace 2,Qualified,18,2086.02,0,0,0,37548.36,37548.36,EUR,2026-01-19,Design;Atlas,Sales note 57
SALE-00058,2026-06-21,Globex Healthcare 58,person28@example.com,Asia Pacific,DE,Healthcare,Phone,FY26-10,Beacon,Pro,Linus 3,Proposal,25,3511.44,5,7,12.5,87786,89246.97,GBP,2026-01-22,Data;Beacon,Sales note 58
SALE-00059,2026-06-24,Initech Media 59,person29@example.com,Middle East,JP,Media,Web,FY26-11,Canvas,Team,Margaret 4,Won,7,616.86,0,17,25,4318.02,5077.08,ILS,2026-01-25,Security;Canvas,Sales note 59
SALE-00060,2026-06-27,Umbrella Logistics 60,person30@example.com,Latin America,BR,Logistics,Partner,FY26-12,Delta,Enterprise,Alan 5,Lost,14,2042.28,0,20,37.5,28591.92,34347.8,JPY,2026-01-28,Support;Delta,Sales note 60
SALE-00061,2026-06-30,Stark SaaS 61,person1@example.com,North America,US,SaaS,Email,FY26-1,Echo,Starter,Katherine 6,Prospecting,21,3467.7,15,0,0,72821.7,61898.44,USD,2026-01-31,Platform;Echo,Sales note 61
SALE-00062,2026-07-03,Wayne Fintech 62,person2@example.com,Europe,GB,Fintech,Chat,FY26-2,Forge,Pro,Edsger 7,Qualified,3,573.12,0,7,12.5,1719.36,1852.22,EUR,2026-02-03,Growth;Forge,Sales note 62
SALE-00063,2026-07-06,Wonka Retail 63,person3@example.com,Asia Pacific,IL,Retail,Phone,FY26-3,Helix,Team,Radia 8,Proposal,10,1998.54,0,17,25,19985.4,23407.92,GBP,2026-02-06,Design;Helix,Sales note 63
SALE-00064,2026-07-09,Acme Healthcare 64,person4@example.com,Middle East,DE,Healthcare,Web,FY26-4,Ion,Enterprise,Barbara 9,Won,17,3423.96,5,20,37.5,58207.32,66393.84,ILS,2026-02-09,Data;Ion,Sales note 64
SALE-00065,2026-07-12,Globex Media 65,person5@example.com,Latin America,JP,Media,Partner,FY26-5,Atlas,Starter,Donald 10,Lost,24,529.38,0,0,0,12705.12,12705.12,JPY,2026-02-12,Security;Atlas,Sales note 65
SALE-00066,2026-07-15,Initech Logistics 66,person6@example.com,North America,BR,Logistics,Email,FY26-6,Beacon,Pro,Ada 11,Prospecting,6,1954.8,15,7,12.5,11728.8,10679.84,USD,2026-02-15,Support;Beacon,Sales note 66
SALE-00067,2026-07-18,Umbrella SaaS 67,person7@example.com,Europe,US,SaaS,Chat,FY26-7,Canvas,Team,Grace 12,Qualified,13,3380.22,5,17,25,43942.86,48867.49,EUR,2026-02-18,Platform;Canvas,Sales note 67
SALE-00068,2026-07-21,Stark Fintech 68,person8@example.com,Asia Pacific,GB,Fintech,Phone,FY26-8,Delta,Enterprise,Linus 13,Proposal,20,485.64,0,20,37.5,9712.8,11692.86,GBP,2026-02-21,Growth;Delta,Sales note 68
SALE-00069,2026-07-24,"Acme, Retail",person9@example.com,Middle East,IL,Retail,Web,FY26-9,Echo,Starter,Margaret 14,Won,2,1911.06,0,0,0,3822.12,3822.12,ILS,2026-02-24,Design;Echo,Sales note 69
SALE-00070,2026-07-27,Wonka Healthcare 70,person10@example.com,Latin America,DE,Healthcare,Partner,FY26-10,Forge,Pro,Alan 15,Lost,9,3336.48,5,7,12.5,30028.32,30536.29,JPY,2026-02-27,Data;Forge,"Customer said ""send a revised quote"", follow up next week."
SALE-00071,2026-07-30,Acme SaaS 1,person11@example.com,North America,JP,Media,Email,FY26-11,Helix,Team,Katherine 16,Prospecting,16,441.9,15,17,25,7070.4,7056.51,USD,2026-03-02,Security;Helix,Sales note 71
SALE-00072,2026-08-02,Globex Fintech 2,person12@example.com,Europe,BR,Logistics,Chat,FY26-12,Ion,Enterprise,Edsger 17,Qualified,23,1867.32,0,20,37.5,42948.36,51575.53,EUR,2026-03-05,Support;Ion,Sales note 72
SALE-00073,2026-08-05,Initech Retail 3,person13@example.com,Asia Pacific,US,SaaS,Phone,FY26-1,Atlas,Starter,Radia 18,Proposal,5,3292.74,5,0,0,16463.7,15640.52,GBP,2026-03-08,Platform;Atlas,Sales note 73
SALE-00074,2026-08-08,Umbrella Healthcare 4,person14@example.com,Middle East,GB,Fintech,Web,FY26-2,Beacon,Pro,Barbara 19,Won,12,398.16,0,7,12.5,4777.92,5124.87,ILS,2026-03-11,Growth;Beacon,Sales note 74
SALE-00075,2026-08-11,Stark Media 5,person15@example.com,Latin America,IL,Retail,Partner,FY26-3,Canvas,Team,Donald 20,Lost,19,1823.58,0,17,25,34648.02,40563.18,JPY,2026-03-14,Design;Canvas,Sales note 75
SALE-00076,2026-08-14,Wayne Logistics 6,person16@example.com,North America,DE,Healthcare,Email,FY26-4,Delta,Enterprise,Ada 21,Prospecting,1,3249,15,20,37.5,3249,3351.48,USD,2026-03-17,Data;Delta,Sales note 76
SALE-00077,2026-08-17,Wonka SaaS 7,person17@example.com,Europe,JP,Media,Chat,FY26-5,Echo,Starter,Grace 22,Qualified,8,354.42,0,0,0,2835.36,2835.36,EUR,2026-03-20,Security;Echo,Sales note 77
SALE-00078,2026-08-20,Acme Fintech 8,person18@example.com,Asia Pacific,BR,Logistics,Phone,FY26-6,Forge,Pro,Linus 23,Proposal,15,1779.84,0,7,12.5,26697.6,28578.93,GBP,2026-03-23,Support;Forge,Sales note 78
SALE-00079,2026-08-23,Globex Retail 9,person19@example.com,Middle East,US,SaaS,Web,FY26-7,Helix,Team,Margaret 24,Won,22,3205.26,5,17,25,70515.72,78403.22,ILS,2026-03-26,Platform;Helix,Sales note 79
SALE-00080,2026-08-26,Initech Healthcare 10,person20@example.com,Latin America,GB,Fintech,Partner,FY26-8,Ion,Enterprise,Alan 25,Lost,4,310.68,0,20,37.5,1242.72,1528.76,JPY,2026-03-29,Growth;Ion,Sales note 80
SALE-00081,2026-08-29,Umbrella Media 11,person21@example.com,North America,IL,Retail,Email,FY26-9,Atlas,Starter,Katherine 26,Prospecting,11,1736.1,15,0,0,19097.1,16232.53,USD,2026-04-01,Design;Atlas,Sales note 81
SALE-00082,2026-09-01,Stark Logistics 12,person22@example.com,Europe,DE,Healthcare,Chat,FY26-10,Beacon,Pro,Edsger 27,Qualified,18,3161.52,5,7,12.5,56907.36,57858.83,EUR,2026-04-04,Data;Beacon,Sales note 82
SALE-00083,2026-09-04,Wayne SaaS 13,person23@example.com,Asia Pacific,JP,Media,Phone,FY26-11,Canvas,Team,Radia 28,Proposal,25,266.94,0,17,25,6673.5,7833,GBP,2026-04-07,Security;Canvas,Sales note 83
SALE-00084,2026-09-07,Wonka Fintech 14,person24@example.com,Middle East,BR,Logistics,Web,FY26-12,Delta,Enterprise,Barbara 29,Won,7,1692.36,0,20,37.5,11846.52,14253.32,ILS,2026-04-10,Support;Delta,Sales note 84
SALE-00085,2026-09-10,Acme Retail 15,person25@example.com,Latin America,US,SaaS,Partner,FY26-1,Echo,Starter,Donald 30,Lost,14,3117.78,5,0,0,43648.92,41466.47,JPY,2026-04-13,Platform;Echo,Sales note 85
SALE-00086,2026-09-13,"Acme, Fintech",person26@example.com,North America,GB,Fintech,Email,FY26-2,Forge,Pro,Ada 1,Prospecting,21,223.2,15,7,12.5,4687.2,4275.51,USD,2026-04-16,Growth;Forge,Sales note 86
SALE-00087,2026-09-16,Initech Media 17,person27@example.com,Europe,IL,Retail,Chat,FY26-3,Helix,Team,Grace 2,Qualified,3,1648.62,0,17,25,4945.86,5811.66,EUR,2026-04-19,Design;Helix,Sales note 87
SALE-00088,2026-09-19,Umbrella Logistics 18,person28@example.com,Asia Pacific,DE,Healthcare,Phone,FY26-4,Ion,Enterprise,Linus 3,Proposal,10,3074.04,5,20,37.5,30740.4,35081.56,GBP,2026-04-22,Data;Ion,Sales note 88
SALE-00089,2026-09-22,Stark SaaS 19,person29@example.com,Middle East,JP,Media,Web,FY26-5,Atlas,Starter,Margaret 4,Won,17,179.46,0,0,0,3050.82,3050.82,ILS,2026-04-25,Security;Atlas,Sales note 89
SALE-00090,2026-09-25,Wayne Fintech 20,person30@example.com,Latin America,BR,Logistics,Partner,FY26-6,Beacon,Pro,Alan 5,Lost,24,1604.88,0,7,12.5,38517.12,41225.82,JPY,2026-04-28,Support;Beacon,Sales note 90
SALE-00091,2026-09-28,Wonka Retail 21,person1@example.com,North America,US,SaaS,Email,FY26-7,Canvas,Team,Katherine 6,Prospecting,6,3030.3,15,17,25,18181.8,18106.8,USD,2026-05-01,Platform;Canvas,Sales note 91
SALE-00092,2026-10-01,Acme Healthcare 22,person2@example.com,Europe,GB,Fintech,Chat,FY26-8,Delta,Enterprise,Edsger 7,Qualified,13,135.72,0,20,37.5,1764.36,2154.73,EUR,2026-05-04,Growth;Delta,Sales note 92
SALE-00093,2026-10-04,Globex Media 23,person3@example.com,Asia Pacific,IL,Retail,Phone,FY26-9,Echo,Starter,Radia 8,Proposal,20,1561.14,0,0,0,31222.8,31222.8,GBP,2026-05-07,Design;Echo,"Customer said ""send a revised quote"", follow up next week."
SALE-00094,2026-10-07,Initech Logistics 24,person4@example.com,Middle East,DE,Healthcare,Web,FY26-10,Forge,Pro,Barbara 9,Won,2,2986.56,5,7,12.5,5973.12,6084.18,ILS,2026-05-10,Data;Forge,Sales note 94
SALE-00095,2026-10-10,Umbrella SaaS 25,person5@example.com,Latin America,JP,Media,Partner,FY26-11,Helix,Team,Donald 10,Lost,9,91.98,0,17,25,827.82,993.55,JPY,2026-05-13,Security;Helix,Sales note 95
SALE-00096,2026-10-13,Stark Fintech 26,person6@example.com,North America,BR,Logistics,Email,FY26-12,Ion,Enterprise,Ada 11,Prospecting,16,1517.4,15,20,37.5,24278.4,24801.47,USD,2026-05-16,Support;Ion,Sales note 96
SALE-00097,2026-10-16,Wayne Retail 27,person7@example.com,Europe,US,SaaS,Chat,FY26-1,Atlas,Starter,Grace 12,Qualified,23,2942.82,5,0,0,67684.86,64300.62,EUR,2026-05-19,Platform;Atlas,Sales note 97
SALE-00098,2026-10-19,Wonka Healthcare 28,person8@example.com,Asia Pacific,GB,Fintech,Phone,FY26-2,Beacon,Pro,Linus 13,Proposal,5,48.24,0,7,12.5,241.2,270.58,GBP,2026-05-22,Growth;Beacon,Sales note 98
SALE-00099,2026-10-22,Acme Media 29,person9@example.com,Middle East,IL,Retail,Web,FY26-3,Canvas,Team,Margaret 14,Won,12,1473.66,0,17,25,17683.92,20715.19,ILS,2026-05-25,Design;Canvas,Sales note 99
SALE-00100,2026-10-25,Globex Logistics 30,person10@example.com,Latin America,DE,Healthcare,Partner,FY26-4,Delta,Enterprise,Alan 15,Lost,19,2899.08,5,20,37.5,55082.52,62831.57,JPY,2026-05-28,Data;Delta,Sales note 100
SALE-00101,2026-10-28,Initech SaaS 31,person11@example.com,North America,JP,Media,Email,FY26-5,Echo,Starter,Katherine 16,Prospecting,1,4324.5,15,0,0,4324.5,3675.83,USD,2026-05-31,Security;Echo,Sales note 101
SALE-00102,2026-10-31,Umbrella Fintech 32,person12@example.com,Europe,BR,Logistics,Chat,FY26-6,Forge,Pro,Edsger 17,Qualified,8,1429.92,0,7,12.5,11439.36,12252.62,EUR,2026-06-03,Support;Forge,Sales note 102
SALE-00103,2026-11-03,"Acme, SaaS",person13@example.com,Asia Pacific,US,SaaS,Phone,FY26-7,Helix,Team,Radia 18,Proposal,15,2855.34,5,17,25,42830.1,47630.66,GBP,2026-06-06,Platform;Helix,Sales note 103
SALE-00104,2026-11-06,Wayne Healthcare 34,person14@example.com,Middle East,GB,Fintech,Web,FY26-8,Ion,Enterprise,Barbara 19,Won,22,4280.76,0,20,37.5,94176.72,113049.56,ILS,2026-06-09,Growth;Ion,Sales note 104
SALE-00105,2026-11-09,Wonka Media 35,person15@example.com,Latin America,IL,Retail,Partner,FY26-9,Atlas,Starter,Donald 20,Lost,4,1386.18,0,0,0,5544.72,5544.72,JPY,2026-06-12,Design;Atlas,Sales note 105
SALE-00106,2026-11-12,Acme Logistics 36,person16@example.com,North America,DE,Healthcare,Email,FY26-10,Beacon,Pro,Ada 21,Prospecting,11,2811.6,15,7,12.5,30927.6,28141.15,USD,2026-06-15,Data;Beacon,Sales note 106
SALE-00107,2026-11-15,Globex SaaS 37,person17@example.com,Europe,JP,Media,Chat,FY26-11,Canvas,Team,Grace 22,Qualified,18,4237.02,0,17,25,76266.36,89256.64,EUR,2026-06-18,Security;Canvas,Sales note 107
SALE-00108,2026-11-18,Initech Fintech 38,person18@example.com,Asia Pacific,BR,Logistics,Phone,FY26-12,Delta,Enterprise,Linus 23,Proposal,25,1342.44,0,20,37.5,33561,40310.7,GBP,2026-06-21,Support;Delta,Sales note 108
SALE-00109,2026-11-21,Umbrella Retail 39,person19@example.com,Middle East,US,SaaS,Web,FY26-1,Echo,Starter,Margaret 24,Won,7,2767.86,5,0,0,19375.02,18406.27,ILS,2026-06-24,Platform;Echo,Sales note 109
SALE-00110,2026-11-24,Stark Healthcare 40,person20@example.com,Latin America,GB,Fintech,Partner,FY26-2,Forge,Pro,Alan 25,Lost,14,4193.28,0,7,12.5,58705.92,62827.83,JPY,2026-06-27,Growth;Forge,Sales note 110
SALE-00111,2026-01-01,Wayne Media 41,person21@example.com,North America,IL,Retail,Email,FY26-3,Helix,Team,Katherine 26,Prospecting,21,1298.7,15,17,25,27272.7,27147.7,USD,2026-06-30,Design;Helix,Sales note 111
SALE-00112,2026-01-04,Wonka Logistics 42,person22@example.com,Europe,DE,Healthcare,Chat,FY26-4,Ion,Enterprise,Edsger 27,Qualified,3,2724.12,5,20,37.5,8172.36,9353.99,EUR,2026-07-03,Data;Ion,Sales note 112
SALE-00113,2026-01-07,Acme SaaS 43,person23@example.com,Asia Pacific,JP,Media,Phone,FY26-5,Atlas,Starter,Radia 28,Proposal,10,4149.54,0,0,0,41495.4,41495.4,GBP,2026-07-06,Security;Atlas,Sales note 113
SALE-00114,2026-01-10,Globex Fintech 44,person24@example.com,Middle East,BR,Logistics,Web,FY26-6,Beacon,Pro,Barbara 29,Won,17,1254.96,0,7,12.5,21334.32,22840.22,ILS,2026-07-09,Support;Beacon,Sales note 114
SALE-00115,2026-01-13,Initech Retail 45,person25@example.com,Latin America,US,SaaS,Partner,FY26-7,Canvas,Team,Donald 30,Lost,24,2680.38,5,17,25,64329.12,71526.82,JPY,2026-07-12,Platform;Canvas,Sales note 115
SALE-00116,2026-01-16,Umbrella Healthcare 46,person26@example.com,North America,GB,Fintech,Email,FY26-8,Delta,Enterprise,Ada 1,Prospecting,6,4105.8,15,20,37.5,24634.8,25165,USD,2026-07-15,Growth;Delta,"Customer said ""send a revised quote"", follow up next week."
SALE-00117,2026-01-19,Stark Media 47,person27@example.com,Europe,IL,Retail,Chat,FY26-9,Echo,Starter,Grace 2,Qualified,13,1211.22,0,0,0,15745.86,15745.86,EUR,2026-07-18,Design;Echo,Sales note 117
SALE-00118,2026-01-22,Wayne Logistics 48,person28@example.com,Asia Pacific,DE,Healthcare,Phone,FY26-10,Forge,Pro,Linus 3,Proposal,20,2636.64,5,7,12.5,52732.8,53615.39,GBP,2026-07-21,Data;Forge,Sales note 118
SALE-00119,2026-01-25,Wonka SaaS 49,person29@example.com,Middle East,JP,Media,Web,FY26-11,Helix,Team,Margaret 4,Won,2,4062.06,0,17,25,8124.12,9530.22,ILS,2026-07-24,Security;Helix,Sales note 119
SALE-00120,2026-01-28,"Acme, Logistics",person30@example.com,Latin America,BR,Logistics,Partner,FY26-12,Ion,Enterprise,Alan 5,Lost,9,1167.48,0,20,37.5,10507.32,12646.28,JPY,2026-07-27,Support;Ion,Sales note 120
SALE-00121,2026-01-31,Globex Retail 51,person1@example.com,North America,US,SaaS,Email,FY26-1,Atlas,Starter,Katherine 6,Prospecting,16,2592.9,15,0,0,41486.4,35263.44,USD,2026-07-30,Platform;Atlas,Sales note 121
SALE-00122,2026-02-03,Initech Healthcare 52,person2@example.com,Europe,GB,Fintech,Chat,FY26-2,Beacon,Pro,Edsger 7,Qualified,23,4018.32,0,7,12.5,92421.36,98903.36,EUR,2026-08-02,Growth;Beacon,Sales note 122
SALE-00123,2026-02-06,Umbrella Media 53,person3@example.com,Asia Pacific,IL,Retail,Phone,FY26-3,Canvas,Team,Radia 8,Proposal,5,1123.74,0,17,25,5618.7,6598.88,GBP,2026-08-05,Design;Canvas,Sales note 123
SALE-00124,2026-02-09,Stark Logistics 54,person4@example.com,Middle East,DE,Healthcare,Web,FY26-4,Delta,Enterprise,Barbara 9,Won,12,2549.16,5,20,37.5,30589.92,34910.01,ILS,2026-08-08,Data;Delta,Sales note 124
SALE-00125,2026-02-12,Wayne SaaS 55,person5@example.com,Latin America,JP,Media,Partner,FY26-5,Echo,Starter,Donald 10,Lost,19,3974.58,0,0,0,75517.02,75517.02,JPY,2026-08-11,Security;Echo,Sales note 125
SALE-00126,2026-02-15,Wonka Fintech 56,person6@example.com,North America,BR,Logistics,Email,FY26-6,Forge,Pro,Ada 11,Prospecting,1,1080,15,7,12.5,1080,994.76,USD,2026-08-14,Support;Forge,Sales note 126
SALE-00127,2026-02-18,Acme Retail 57,person7@example.com,Europe,US,SaaS,Chat,FY26-7,Helix,Team,Grace 12,Qualified,8,2505.42,5,17,25,20043.36,22303.19,EUR,2026-08-17,Platform;Helix,Sales note 127
SALE-00128,2026-02-21,Globex Healthcare 58,person8@example.com,Asia Pacific,GB,Fintech,Phone,FY26-8,Ion,Enterprise,Linus 13,Proposal,15,3930.84,0,20,37.5,58962.6,70792.62,GBP,2026-08-20,Growth;Ion,Sales note 128
SALE-00129,2026-02-24,Initech Media 59,person9@example.com,Middle East,IL,Retail,Web,FY26-9,Atlas,Starter,Margaret 14,Won,22,1036.26,0,0,0,22797.72,22797.72,ILS,2026-08-23,Design;Atlas,Sales note 129
SALE-00130,2026-02-27,Umbrella Logistics 60,person10@example.com,Latin America,DE,Healthcare,Partner,FY26-10,Beacon,Pro,Alan 15,Lost,4,2461.68,5,7,12.5,9846.72,10021.69,JPY,2026-08-26,Data;Beacon,Sales note 130
SALE-00131,2026-03-02,Stark SaaS 61,person11@example.com,North America,JP,Media,Email,FY26-11,Canvas,Team,Katherine 16,Prospecting,11,3887.1,15,17,25,42758.1,42547.93,USD,2026-08-29,Security;Canvas,Sales note 131
SALE-00132,2026-03-05,Wayne Fintech 62,person12@example.com,Europe,BR,Logistics,Chat,FY26-12,Delta,Enterprise,Edsger 17,Qualified,18,992.52,0,20,37.5,17865.36,21475.93,EUR,2026-09-01,Support;Delta,Sales note 132
SALE-00133,2026-03-08,Wonka Retail 63,person13@example.com,Asia Pacific,US,SaaS,Phone,FY26-1,Echo,Starter,Radia 18,Proposal,25,2417.94,5,0,0,60448.5,57426.08,GBP,2026-09-04,Platform;Echo,Sales note 133
SALE-00134,2026-03-11,Acme Healthcare 64,person14@example.com,Middle East,GB,Fintech,Web,FY26-2,Forge,Pro,Barbara 19,Won,7,3843.36,0,7,12.5,26903.52,28799.27,ILS,2026-09-07,Growth;Forge,Sales note 134
SALE-00135,2026-03-14,Globex Media 65,person15@example.com,Latin America,IL,Retail,Partner,FY26-3,Helix,Team,Donald 20,Lost,14,948.78,0,17,25,13282.92,15566.02,JPY,2026-09-10,Design;Helix,Sales note 135
SALE-00136,2026-03-17,Initech Logistics 66,person16@example.com,North America,DE,Healthcare,Email,FY26-4,Ion,Enterprise,Ada 21,Prospecting,21,2374.2,15,20,37.5,49858.2,50892.86,USD,2026-09-13,Data;Ion,Sales note 136
SALE-00137,2026-03-20,"Acme, Media",person17@example.com,Europe,JP,Media,Chat,FY26-5,Atlas,Starter,Grace 22,Qualified,3,3799.62,0,0,0,11398.86,11398.86,EUR,2026-09-16,Security;Atlas,Sales note 137
SALE-00138,2026-03-23,Stark Fintech 68,person18@example.com,Asia Pacific,BR,Logistics,Phone,FY26-6,Beacon,Pro,Linus 23,Proposal,10,905.04,0,7,12.5,9050.4,9696.43,GBP,2026-09-19,Support;Beacon,Sales note 138
SALE-00139,2026-03-26,Wayne Retail 69,person19@example.com,Middle East,US,SaaS,Web,FY26-7,Canvas,Team,Margaret 24,Won,17,2330.46,5,17,25,39617.82,44060.21,ILS,2026-09-22,Platform;Canvas,"Customer said ""send a revised quote"", follow up next week."
SALE-00140,2026-03-29,Wonka Healthcare 70,person20@example.com,Latin America,GB,Fintech,Partner,FY26-8,Delta,Enterprise,Alan 25,Lost,24,3755.88,0,20,37.5,90141.12,108206.84,JPY,2026-09-25,Growth;Delta,Sales note 140
SALE-00141,2026-04-01,Acme SaaS 1,person21@example.com,North America,IL,Retail,Email,FY26-9,Echo,Starter,Katherine 26,Prospecting,6,861.3,15,0,0,5167.8,4392.63,USD,2026-09-28,Design;Echo,Sales note 141
SALE-00142,2026-04-04,Globex Fintech 2,person22@example.com,Europe,DE,Healthcare,Chat,FY26-10,Forge,Pro,Edsger 27,Qualified,13,2286.72,5,7,12.5,29727.36,30230.36,EUR,2026-10-01,Data;Forge,Sales note 142
SALE-00143,2026-04-07,Initech Retail 3,person23@example.com,Asia Pacific,JP,Media,Phone,FY26-11,Helix,Team,Radia 28,Proposal,20,3712.14,0,17,25,74242.8,86889.08,GBP,2026-10-04,Security;Helix,Sales note 143
SALE-00144,2026-04-10,Umbrella Healthcare 4,person24@example.com,Middle East,BR,Logistics,Web,FY26-12,Ion,Enterprise,Barbara 29,Won,2,817.56,0,20,37.5,1635.12,1999.64,ILS,2026-10-07,Support;Ion,Sales note 144
SALE-00145,2026-04-13,Stark Media 5,person25@example.com,Latin America,US,SaaS,Partner,FY26-1,Atlas,Starter,Donald 30,Lost,9,2242.98,5,0,0,20186.82,19177.48,JPY,2026-10-10,Platform;Atlas,Sales note 145
SALE-00146,2026-04-16,Wayne Logistics 6,person26@example.com,North America,GB,Fintech,Email,FY26-2,Beacon,Pro,Ada 1,Prospecting,16,3668.4,15,7,12.5,58694.4,53395.06,USD,2026-10-13,Growth;Beacon,Sales note 146
SALE-00147,2026-04-19,Wonka SaaS 7,person27@example.com,Europe,IL,Retail,Chat,FY26-3,Canvas,Team,Grace 2,Qualified,23,773.82,0,17,25,17797.86,20848.5,EUR,2026-10-16,Design;Canvas,Sales note 147
SALE-00148,2026-04-22,Acme Fintech 8,person28@example.com,Asia Pacific,DE,Healthcare,Phone,FY26-4,Delta,Enterprise,Linus 3,Proposal,5,2199.24,5,20,37.5,10996.2,12573.17,GBP,2026-10-19,Data;Delta,Sales note 148
SALE-00149,2026-04-25,Globex Retail 9,person29@example.com,Middle East,JP,Media,Web,FY26-5,Echo,Starter,Margaret 4,Won,12,3624.66,0,0,0,43495.92,43495.92,ILS,2026-10-22,Security;Echo,Sales note 149
SALE-00150,2026-04-28,Initech Healthcare 10,person30@example.com,Latin America,BR,Logistics,Partner,FY26-6,Forge,Pro,Alan 5,Lost,19,730.08,0,7,12.5,13871.52,14855.03,JPY,2026-10-25,Support;Forge,Sales note 150
SALE-00151,2026-05-01,Umbrella Media 11,person1@example.com,North America,US,SaaS,Email,FY26-7,Helix,Team,Katherine 6,Prospecting,1,2155.5,15,17,25,2155.5,2168.64,USD,2026-10-28,Platform;Helix,Sales note 151
SALE-00152,2026-05-04,Stark Logistics 12,person2@example.com,Europe,GB,Fintech,Chat,FY26-8,Ion,Enterprise,Edsger 7,Qualified,8,3580.92,0,20,37.5,28647.36,34414.33,EUR,2026-10-31,Growth;Ion,Sales note 152
SALE-00153,2026-05-07,Wayne SaaS 13,person3@example.com,Asia Pacific,IL,Retail,Phone,FY26-9,Atlas,Starter,Radia 8,Proposal,15,686.34,0,0,0,10295.1,10295.1,GBP,2026-11-03,Design;Atlas,Sales note 153
SALE-00154,2026-05-10,"Acme, Healthcare",person4@example.com,Middle East,DE,Healthcare,Web,FY26-10,Beacon,Pro,Barbara 9,Won,22,2111.76,5,7,12.5,46458.72,47237.79,ILS,2026-11-06,Data;Beacon,Sales note 154
SALE-00155,2026-05-13,Acme Retail 15,person5@example.com,Latin America,JP,Media,Partner,FY26-11,Canvas,Team,Donald 10,Lost,4,3537.18,0,17,25,14148.72,16579,JPY,2026-11-09,Security;Canvas,Sales note 155
SALE-00156,2026-05-16,Globex Healthcare 16,person6@example.com,North America,BR,Logistics,Email,FY26-12,Delta,Enterprise,Ada 11,Prospecting,11,642.6,15,20,37.5,7068.6,7247.47,USD,2026-11-12,Support;Delta,Sales note 156
SALE-00157,2026-05-19,Initech Media 17,person7@example.com,Europe,US,SaaS,Chat,FY26-1,Echo,Starter,Grace 12,Qualified,18,2068.02,5,0,0,37224.36,35363.14,EUR,2026-11-15,Platform;Echo,Sales note 157
SALE-00158,2026-05-22,Umbrella Logistics 18,person8@example.com,Asia Pacific,GB,Fintech,Phone,FY26-2,Forge,Pro,Linus 13,Proposal,25,3493.44,0,7,12.5,87336,93462.02,GBP,2026-11-18,Growth;Forge,Sales note 158
SALE-00159,2026-05-25,Stark SaaS 19,person9@example.com,Middle East,IL,Retail,Web,FY26-3,Helix,Team,Margaret 14,Won,7,598.86,0,17,25,4192.02,4929.66,ILS,2026-11-21,Design;Helix,Sales note 159
SALE-00160,2026-05-28,Wayne Fintech 20,person10@example.com,Latin America,DE,Healthcare,Partner,FY26-4,Ion,Enterprise,Alan 15,Lost,14,2024.28,5,20,37.5,28339.92,32345.01,JPY,2026-11-24,Data;Ion,Sales note 160
SALE-00161,2026-05-31,Wonka Retail 21,person11@example.com,North America,JP,Media,Email,FY26-5,Atlas,Starter,Katherine 16,Prospecting,21,3449.7,15,0,0,72443.7,61577.15,USD,2026-01-01,Security;Atlas,Sales note 161
SALE-00162,2026-06-03,Acme Healthcare 22,person12@example.com,Europe,BR,Logistics,Chat,FY26-6,Beacon,Pro,Edsger 17,Qualified,3,555.12,0,7,12.5,1665.36,1794.44,EUR,2026-01-04,Support;Beacon,"Customer said ""send a revised quote"", follow up next week."
SALE-00163,2026-06-06,Globex Media 23,person13@example.com,Asia Pacific,US,SaaS,Phone,FY26-7,Canvas,Team,Radia 18,Proposal,10,1980.54,5,17,25,19805.4,22038.7,GBP,2026-01-07,Platform;Canvas,Sales note 163
SALE-00164,2026-06-09,Initech Logistics 24,person14@example.com,Middle East,GB,Fintech,Web,FY26-8,Delta,Enterprise,Barbara 19,Won,17,3405.96,0,20,37.5,57901.32,69519.08,ILS,2026-01-10,Growth;Delta,Sales note 164
SALE-00165,2026-06-12,Umbrella SaaS 25,person15@example.com,Latin America,IL,Retail,Partner,FY26-9,Echo,Starter,Donald 20,Lost,24,511.38,0,0,0,12273.12,12273.12,JPY,2026-01-13,Design;Echo,Sales note 165
SALE-00166,2026-06-15,Stark Fintech 26,person16@example.com,North America,DE,Healthcare,Email,FY26-10,Forge,Pro,Ada 21,Prospecting,6,1936.8,15,7,12.5,11620.8,10581.62,USD,2026-01-16,Data;Forge,Sales note 166
SALE-00167,2026-06-18,Wayne Retail 27,person17@example.com,Europe,JP,Media,Chat,FY26-11,Helix,Team,Grace 22,Qualified,13,3362.22,0,17,25,43708.86,51164.37,EUR,2026-01-19,Security;Helix,Sales note 167
SALE-00168,2026-06-21,Wonka Healthcare 28,person18@example.com,Asia Pacific,BR,Logistics,Phone,FY26-12,Ion,Enterprise,Linus 23,Proposal,20,467.64,0,20,37.5,9352.8,11260.86,GBP,2026-01-22,Support;Ion,Sales note 168
SALE-00169,2026-06-24,Acme Media 29,person19@example.com,Middle East,US,SaaS,Web,FY26-1,Atlas,Starter,Margaret 24,Won,2,1893.06,5,0,0,3786.12,3596.81,ILS,2026-01-25,Platform;Atlas,Sales note 169
SALE-00170,2026-06-27,Globex Logistics 30,person20@example.com,Latin America,GB,Fintech,Partner,FY26-2,Beacon,Pro,Alan 25,Lost,9,3318.48,0,7,12.5,29866.32,31969.46,JPY,2026-01-28,Growth;Beacon,Sales note 170
SALE-00171,2026-06-30,"Acme, Retail",person21@example.com,North America,IL,Retail,Email,FY26-3,Canvas,Team,Katherine 26,Prospecting,16,423.9,15,17,25,6782.4,6770.1,USD,2026-01-31,Design;Canvas,Sales note 171
SALE-00172,2026-07-03,Umbrella Fintech 32,person22@example.com,Europe,DE,Healthcare,Chat,FY26-4,Delta,Enterprise,Edsger 27,Qualified,23,1849.32,5,20,37.5,42534.36,48526.67,EUR,2026-02-03,Data;Delta,Sales note 172
SALE-00173,2026-07-06,Stark Retail 33,person23@example.com,Asia Pacific,JP,Media,Phone,FY26-5,Echo,Starter,Radia 28,Proposal,5,3274.74,0,0,0,16373.7,16373.7,GBP,2026-02-06,Security;Echo,Sales note 173
SALE-00174,2026-07-09,Wayne Healthcare 34,person24@example.com,Middle East,BR,Logistics,Web,FY26-6,Forge,Pro,Barbara 29,Won,12,380.16,0,7,12.5,4561.92,4893.75,ILS,2026-02-09,Support;Forge,Sales note 174
SALE-00175,2026-07-12,Wonka Media 35,person25@example.com,Latin America,US,SaaS,Partner,FY26-7,Helix,Team,Donald 30,Lost,19,1805.58,5,17,25,34306.02,38156.14,JPY,2026-02-12,Platform;Helix,Sales note 175
SALE-00176,2026-07-15,Acme Logistics 36,person26@example.com,North America,GB,Fintech,Email,FY26-8,Ion,Enterprise,Ada 1,Prospecting,1,3231,15,20,37.5,3231,3333.12,USD,2026-02-15,Growth;Ion,Sales note 176
SALE-00177,2026-07-18,Globex SaaS 37,person27@example.com,Europe,IL,Retail,Chat,FY26-9,Atlas,Starter,Grace 2,Qualified,8,336.42,0,0,0,2691.36,2691.36,EUR,2026-02-18,Design;Atlas,Sales note 177
SALE-00178,2026-07-21,Initech Fintech 38,person28@example.com,Asia Pacific,DE,Healthcare,Phone,FY26-10,Beacon,Pro,Linus 3,Proposal,15,1761.84,5,7,12.5,26427.6,26876.16,GBP,2026-02-21,Data;Beacon,Sales note 178
SALE-00179,2026-07-24,Umbrella Retail 39,person29@example.com,Middle East,JP,Media,Web,FY26-11,Canvas,Team,Margaret 4,Won,22,3187.26,0,17,25,70119.72,82065.07,ILS,2026-02-24,Security;Canvas,Sales note 179
SALE-00180,2026-07-27,Stark Healthcare 40,person30@example.com,Latin America,BR,Logistics,Partner,FY26-12,Delta,Enterprise,Alan 5,Lost,4,292.68,0,20,37.5,1170.72,1442.36,JPY,2026-02-27,Support;Delta,Sales note 180
SALE-00181,2026-07-30,Wayne Media 41,person1@example.com,North America,US,SaaS,Email,FY26-1,Echo,Starter,Katherine 6,Prospecting,11,1718.1,15,0,0,18899.1,16064.23,USD,2026-03-02,Platform;Echo,Sales note 181
SALE-00182,2026-08-02,Wonka Logistics 42,person2@example.com,Europe,GB,Fintech,Chat,FY26-2,Forge,Pro,Edsger 7,Qualified,18,3143.52,0,7,12.5,56583.36,60556.7,EUR,2026-03-05,Growth;Forge,Sales note 182
SALE-00183,2026-08-05,Acme SaaS 43,person3@example.com,Asia Pacific,IL,Retail,Phone,FY26-3,Helix,Team,Radia 8,Proposal,25,248.94,0,17,25,6223.5,7306.5,GBP,2026-03-08,Design;Helix,Sales note 183
SALE-00184,2026-08-08,Globex Fintech 44,person4@example.com,Middle East,DE,Healthcare,Web,FY26-4,Ion,Enterprise,Barbara 9,Won,7,1674.36,5,20,37.5,11720.52,13398.89,ILS,2026-03-11,Data;Ion,Sales note 184
SALE-00185,2026-08-11,Initech Retail 45,person5@example.com,Latin America,JP,Media,Partner,FY26-5,Atlas,Starter,Donald 10,Lost,14,3099.78,0,0,0,43396.92,43396.92,JPY,2026-03-14,Security;Atlas,"Customer said ""send a revised quote"", follow up next week."
SALE-00186,2026-08-14,Umbrella Healthcare 46,person6@example.com,North America,BR,Logistics,Email,FY26-6,Beacon,Pro,Ada 11,Prospecting,21,205.2,15,7,12.5,4309.2,3931.72,USD,2026-03-17,Support;Beacon,Sales note 186
SALE-00187,2026-08-17,Stark Media 47,person7@example.com,Europe,US,SaaS,Chat,FY26-7,Canvas,Team,Grace 12,Qualified,3,1630.62,5,17,25,4891.86,5462.3,EUR,2026-03-20,Platform;Canvas,Sales note 187
SALE-00188,2026-08-20,"Acme, Fintech",person8@example.com,Asia Pacific,GB,Fintech,Phone,FY26-8,Delta,Enterprise,Linus 13,Proposal,10,3056.04,0,20,37.5,30560.4,36709.98,GBP,2026-03-23,Growth;Delta,Sales note 188
SALE-00189,2026-08-23,Wonka SaaS 49,person9@example.com,Middle East,IL,Retail,Web,FY26-9,Echo,Starter,Margaret 14,Won,17,161.46,0,0,0,2744.82,2744.82,ILS,2026-03-26,Design;Echo,Sales note 189
SALE-00190,2026-08-26,Acme Fintech 50,person10@example.com,Latin America,DE,Healthcare,Partner,FY26-10,Forge,Pro,Alan 15,Lost,24,1586.88,5,7,12.5,38085.12,38726.02,JPY,2026-03-29,Data;Forge,Sales note 190
SALE-00191,2026-08-29,Globex Retail 51,person11@example.com,North America,JP,Media,Email,FY26-11,Helix,Team,Katherine 16,Prospecting,6,3012.3,15,17,25,18073.8,17999.39,USD,2026-04-01,Security;Helix,Sales note 191
SALE-00192,2026-09-01,Initech Healthcare 52,person12@example.com,Europe,BR,Logistics,Chat,FY26-12,Ion,Enterprise,Edsger 17,Qualified,13,117.72,0,20,37.5,1530.36,1873.93,EUR,2026-04-04,Support;Ion,Sales note 192
SALE-00193,2026-09-04,Umbrella Media 53,person13@example.com,Asia Pacific,US,SaaS,Phone,FY26-1,Atlas,Starter,Radia 18,Proposal,20,1543.14,5,0,0,30862.8,29319.66,GBP,2026-04-07,Platform;Atlas,Sales note 193
SALE-00194,2026-09-07,Stark Logistics 54,person14@example.com,Middle East,GB,Fintech,Web,FY26-2,Beacon,Pro,Barbara 19,Won,2,2968.56,0,7,12.5,5937.12,6365.22,ILS,2026-04-10,Growth;Beacon,Sales note 194
SALE-00195,2026-09-10,Wayne SaaS 55,person15@example.com,Latin America,IL,Retail,Partner,FY26-3,Canvas,Team,Donald 20,Lost,9,73.98,0,17,25,665.82,804.01,JPY,2026-04-13,Design;Canvas,Sales note 195
SALE-00196,2026-09-13,Wonka Fintech 56,person16@example.com,North America,DE,Healthcare,Email,FY26-4,Delta,Enterprise,Ada 21,Prospecting,16,1499.4,15,20,37.5,23990.4,24507.71,USD,2026-04-16,Data;Delta,Sales note 196
SALE-00197,2026-09-16,Acme Retail 57,person17@example.com,Europe,JP,Media,Chat,FY26-5,Echo,Starter,Grace 22,Qualified,23,2924.82,0,0,0,67270.86,67270.86,EUR,2026-04-19,Security;Echo,Sales note 197
SALE-00198,2026-09-19,Globex Healthcare 58,person18@example.com,Asia Pacific,BR,Logistics,Phone,FY26-6,Forge,Pro,Linus 23,Proposal,5,30.24,0,7,12.5,151.2,174.28,GBP,2026-04-22,Support;Forge,Sales note 198
SALE-00199,2026-09-22,Initech Media 59,person19@example.com,Middle East,US,SaaS,Web,FY26-7,Helix,Team,Margaret 24,Won,12,1455.66,5,17,25,17467.92,19440.59,ILS,2026-04-25,Platform;Helix,Sales note 199
SALE-00200,2026-09-25,Umbrella Logistics 60,person20@example.com,Latin America,GB,Fintech,Partner,FY26-8,Ion,Enterprise,Alan 25,Lost,19,2881.08,0,20,37.5,54740.52,65726.12,JPY,2026-04-28,Growth;Ion,Sales note 200
SALE-00201,2026-09-28,Stark SaaS 61,person21@example.com,North America,IL,Retail,Email,FY26-9,Atlas,Starter,Katherine 26,Prospecting,1,4306.5,15,0,0,4306.5,3660.53,USD,2026-05-01,Design;Atlas,Sales note 201
SALE-00202,2026-10-01,Wayne Fintech 62,person22@example.com,Europe,DE,Healthcare,Chat,FY26-10,Beacon,Pro,Edsger 27,Qualified,8,1411.92,5,7,12.5,11295.36,11494.23,EUR,2026-05-04,Data;Beacon,Sales note 202
SALE-00203,2026-10-04,Wonka Retail 63,person23@example.com,Asia Pacific,JP,Media,Phone,FY26-11,Canvas,Team,Radia 28,Proposal,15,2837.34,0,17,25,42560.1,49820.32,GBP,2026-05-07,Security;Canvas,Sales note 203
SALE-00204,2026-10-07,Acme Healthcare 64,person24@example.com,Middle East,BR,Logistics,Web,FY26-12,Delta,Enterprise,Barbara 29,Won,22,4262.76,0,20,37.5,93780.72,112574.36,ILS,2026-05-10,Support;Delta,Sales note 204
SALE-00205,2026-10-10,"Acme, SaaS",person25@example.com,Latin America,US,SaaS,Partner,FY26-1,Echo,Starter,Donald 30,Lost,4,1368.18,5,0,0,5472.72,5199.08,JPY,2026-05-13,Platform;Echo,Sales note 205
SALE-00206,2026-10-13,Initech Logistics 66,person26@example.com,North America,GB,Fintech,Email,FY26-2,Forge,Pro,Ada 1,Prospecting,11,2793.6,15,7,12.5,30729.6,27961.07,USD,2026-05-16,Growth;Forge,Sales note 206
SALE-00207,2026-10-16,Umbrella SaaS 67,person27@example.com,Europe,IL,Retail,Chat,FY26-3,Helix,Team,Grace 2,Qualified,18,4219.02,0,17,25,75942.36,88877.56,EUR,2026-05-19,Design;Helix,Sales note 207
SALE-00208,2026-10-19,Stark Fintech 68,person28@example.com,Asia Pacific,DE,Healthcare,Phone,FY26-4,Ion,Enterprise,Linus 3,Proposal,25,1324.44,5,20,37.5,33111,37784.04,GBP,2026-05-22,Data;Ion,"Customer said ""send a revised quote"", follow up next week."
SALE-00209,2026-10-22,Wayne Retail 69,person29@example.com,Middle East,JP,Media,Web,FY26-5,Atlas,Starter,Margaret 4,Won,7,2749.86,0,0,0,19249.02,19249.02,ILS,2026-05-25,Security;Atlas,Sales note 209
SALE-00210,2026-10-25,Wonka Healthcare 70,person30@example.com,Latin America,BR,Logistics,Partner,FY26-6,Beacon,Pro,Alan 5,Lost,14,4175.28,0,7,12.5,58453.92,62558.19,JPY,2026-05-28,Support;Beacon,Sales note 210
SALE-00211,2026-10-28,Acme SaaS 1,person1@example.com,North America,US,SaaS,Email,FY26-7,Canvas,Team,Katherine 6,Prospecting,21,1280.7,15,17,25,26894.7,26771.78,USD,2026-05-31,Platform;Canvas,Sales note 211
SALE-00212,2026-10-31,Globex Fintech 2,person2@example.com,Europe,GB,Fintech,Chat,FY26-8,Delta,Enterprise,Edsger 7,Qualified,3,2706.12,0,20,37.5,8118.36,9779.53,EUR,2026-06-03,Growth;Delta,Sales note 212
SALE-00213,2026-11-03,Initech Retail 3,person3@example.com,Asia Pacific,IL,Retail,Phone,FY26-9,Echo,Starter,Radia 8,Proposal,10,4131.54,0,0,0,41315.4,41315.4,GBP,2026-06-06,Design;Echo,Sales note 213
SALE-00214,2026-11-06,Umbrella Healthcare 4,person4@example.com,Middle East,DE,Healthcare,Web,FY26-10,Forge,Pro,Barbara 9,Won,17,1236.96,5,7,12.5,21028.32,21387.79,ILS,2026-06-09,Data;Forge,Sales note 214
SALE-00215,2026-11-09,Stark Media 5,person5@example.com,Latin America,JP,Media,Partner,FY26-11,Helix,Team,Donald 10,Lost,24,2662.38,0,17,25,63897.12,74784.63,JPY,2026-06-12,Security;Helix,Sales note 215
SALE-00216,2026-11-12,Wayne Logistics 6,person6@example.com,North America,BR,Logistics,Email,FY26-12,Ion,Enterprise,Ada 11,Prospecting,6,4087.8,15,20,37.5,24526.8,25054.84,USD,2026-06-15,Support;Ion,Sales note 216
SALE-00217,2026-11-15,Wonka SaaS 7,person7@example.com,Europe,US,SaaS,Chat,FY26-1,Atlas,Starter,Grace 12,Qualified,13,1193.22,5,0,0,15511.86,14736.27,EUR,2026-06-18,Platform;Atlas,Sales note 217
SALE-00218,2026-11-18,Acme Fintech 8,person8@example.com,Asia Pacific,GB,Fintech,Phone,FY26-2,Beacon,Pro,Linus 13,Proposal,20,2618.64,0,7,12.5,52372.8,56051.4,GBP,2026-06-21,Growth;Beacon,Sales note 218
SALE-00219,2026-11-21,Globex Retail 9,person9@example.com,Middle East,IL,Retail,Web,FY26-3,Canvas,Team,Margaret 14,Won,2,4044.06,0,17,25,8088.12,9488.1,ILS,2026-06-24,Design;Canvas,Sales note 219
SALE-00220,2026-11-24,Initech Healthcare 10,person10@example.com,Latin America,DE,Healthcare,Partner,FY26-4,Delta,Enterprise,Alan 15,Lost,9,1149.48,5,20,37.5,10345.32,11831.16,JPY,2026-06-27,Data;Delta,Sales note 220
SALE-00221,2026-01-01,Umbrella Media 11,person11@example.com,North America,JP,Media,Email,FY26-5,Echo,Starter,Katherine 16,Prospecting,16,2574.9,15,0,0,41198.4,35018.64,USD,2026-06-30,Security;Echo,Sales note 221
SALE-00222,2026-01-04,"Acme, Logistics",person12@example.com,Europe,BR,Logistics,Chat,FY26-6,Forge,Pro,Edsger 17,Qualified,23,4000.32,0,7,12.5,92007.36,98460.38,EUR,2026-07-03,Support;Forge,Sales note 222
SALE-00223,2026-01-07,Wayne SaaS 13,person13@example.com,Asia Pacific,US,SaaS,Phone,FY26-7,Helix,Team,Radia 18,Proposal,5,1105.74,5,17,25,5528.7,6170.15,GBP,2026-07-06,Platform;Helix,Sales note 223
SALE-00224,2026-01-10,Wonka Fintech 14,person14@example.com,Middle East,GB,Fintech,Web,FY26-8,Ion,Enterprise,Barbara 19,Won,12,2531.16,0,20,37.5,30373.92,36486.2,ILS,2026-07-09,Growth;Ion,Sales note 224
SALE-00225,2026-01-13,Acme Retail 15,person15@example.com,Latin America,IL,Retail,Partner,FY26-9,Atlas,Starter,Donald 20,Lost,19,3956.58,0,0,0,75175.02,75175.02,JPY,2026-07-12,Design;Atlas,Sales note 225
SALE-00226,2026-01-16,Globex Healthcare 16,person16@example.com,North America,DE,Healthcare,Email,FY26-10,Beacon,Pro,Ada 21,Prospecting,1,1062,15,7,12.5,1062,978.39,USD,2026-07-15,Data;Beacon,Sales note 226
SALE-00227,2026-01-19,Initech Media 17,person17@example.com,Europe,JP,Media,Chat,FY26-11,Canvas,Team,Grace 22,Qualified,8,2487.42,0,17,25,19899.36,23307.25,EUR,2026-07-18,Security;Canvas,Sales note 227
SALE-00228,2026-01-22,Umbrella Logistics 18,person18@example.com,Asia Pacific,BR,Logistics,Phone,FY26-12,Delta,Enterprise,Linus 23,Proposal,15,3912.84,0,20,37.5,58692.6,70468.62,GBP,2026-07-21,Support;Delta,Sales note 228
SALE-00229,2026-01-25,Stark SaaS 19,person19@example.com,Middle East,US,SaaS,Web,FY26-1,Echo,Starter,Margaret 24,Won,22,1018.26,5,0,0,22401.72,21281.63,ILS,2026-07-24,Platform;Echo,Sales note 229
SALE-00230,2026-01-28,Wayne Fintech 20,person20@example.com,Latin America,GB,Fintech,Partner,FY26-2,Forge,Pro,Alan 25,Lost,4,2443.68,0,7,12.5,9774.72,10471.45,JPY,2026-07-27,Growth;Forge,Sales note 230
SALE-00231,2026-01-31,Wonka Retail 21,person21@example.com,North America,IL,Retail,Email,FY26-3,Helix,Team,Katherine 26,Prospecting,11,3869.1,15,17,25,42560.1,42351.02,USD,2026-07-30,Design;Helix,"Customer said ""send a revised quote"", follow up next week."
SALE-00232,2026-02-03,Acme Healthcare 22,person22@example.com,Europe,DE,Healthcare,Chat,FY26-4,Ion,Enterprise,Edsger 27,Qualified,18,974.52,5,20,37.5,17541.36,20034.65,EUR,2026-08-02,Data;Ion,Sales note 232
SALE-00233,2026-02-06,Globex Media 23,person23@example.com,Asia Pacific,JP,Media,Phone,FY26-5,Atlas,Starter,Radia 28,Proposal,25,2399.94,0,0,0,59998.5,59998.5,GBP,2026-08-05,Security;Atlas,Sales note 233
SALE-00234,2026-02-09,Initech Logistics 24,person24@example.com,Middle East,BR,Logistics,Web,FY26-6,Beacon,Pro,Barbara 29,Won,7,3825.36,0,7,12.5,26777.52,28664.45,ILS,2026-08-08,Support;Beacon,Sales note 234
SALE-00235,2026-02-12,Umbrella SaaS 25,person25@example.com,Latin America,US,SaaS,Partner,FY26-7,Canvas,Team,Donald 30,Lost,14,930.78,5,17,25,13030.92,14508.87,JPY,2026-08-11,Platform;Canvas,Sales note 235
SALE-00236,2026-02-15,Stark Fintech 26,person26@example.com,North America,GB,Fintech,Email,FY26-8,Delta,Enterprise,Ada 1,Prospecting,21,2356.2,15,20,37.5,49480.2,50507.3,USD,2026-08-14,Growth;Delta,Sales note 236
SALE-00237,2026-02-18,Wayne Retail 27,person27@example.com,Europe,IL,Retail,Chat,FY26-9,Echo,Starter,Grace 2,Qualified,3,3781.62,0,0,0,11344.86,11344.86,EUR,2026-08-17,Design;Echo,Sales note 237
SALE-00238,2026-02-21,Wonka Healthcare 28,person28@example.com,Asia Pacific,DE,Healthcare,Phone,FY26-10,Forge,Pro,Linus 3,Proposal,10,887.04,5,7,12.5,8870.4,9029.26,GBP,2026-08-20,Data;Forge,Sales note 238
SALE-00239,2026-02-24,"Acme, Media",person29@example.com,Middle East,JP,Media,Web,FY26-11,Helix,Team,Margaret 4,Won,17,2312.46,0,17,25,39311.82,46019.83,ILS,2026-08-23,Security;Helix,Sales note 239
SALE-00240,2026-02-27,Globex Logistics 30,person30@example.com,Latin America,BR,Logistics,Partner,FY26-12,Ion,Enterprise,Alan 5,Lost,24,3737.88,0,20,37.5,89709.12,107688.44,JPY,2026-08-26,Support;Ion,Sales note 240
SALE-00241,2026-03-02,Initech SaaS 31,person1@example.com,North America,US,SaaS,Email,FY26-1,Atlas,Starter,Katherine 6,Prospecting,6,843.3,15,0,0,5059.8,4300.83,USD,2026-08-29,Platform;Atlas,Sales note 241
SALE-00242,2026-03-05,Umbrella Fintech 32,person2@example.com,Europe,GB,Fintech,Chat,FY26-2,Beacon,Pro,Edsger 7,Qualified,13,2268.72,0,7,12.5,29493.36,31570.4,EUR,2026-09-01,Growth;Beacon,Sales note 242
SALE-00243,2026-03-08,Stark Retail 33,person3@example.com,Asia Pacific,IL,Retail,Phone,FY26-3,Canvas,Team,Radia 8,Proposal,20,3694.14,0,17,25,73882.8,86467.88,GBP,2026-09-04,Design;Canvas,Sales note 243
SALE-00244,2026-03-11,Wayne Healthcare 34,person4@example.com,Middle East,DE,Healthcare,Web,FY26-4,Delta,Enterprise,Barbara 9,Won,2,799.56,5,20,37.5,1599.12,1860.5,ILS,2026-09-07,Data;Delta,Sales note 244
SALE-00245,2026-03-14,Wonka Media 35,person5@example.com,Latin America,JP,Media,Partner,FY26-5,Echo,Starter,Donald 10,Lost,9,2224.98,0,0,0,20024.82,20024.82,JPY,2026-09-10,Security;Echo,Sales note 245
SALE-00246,2026-03-17,Acme Logistics 36,person6@example.com,North America,BR,Logistics,Email,FY26-6,Forge,Pro,Ada 11,Prospecting,16,3650.4,15,7,12.5,58406.4,53133.12,USD,2026-09-13,Support;Forge,Sales note 246
SALE-00247,2026-03-20,Globex SaaS 37,person7@example.com,Europe,US,SaaS,Chat,FY26-7,Helix,Team,Grace 12,Qualified,23,755.82,5,17,25,17383.86,19347.16,EUR,2026-09-16,Platform;Helix,Sales note 247
SALE-00248,2026-03-23,Initech Fintech 38,person8@example.com,Asia Pacific,GB,Fintech,Phone,FY26-8,Ion,Enterprise,Linus 13,Proposal,5,2181.24,0,20,37.5,10906.2,13124.94,GBP,2026-09-19,Growth;Ion,Sales note 248
SALE-00249,2026-03-26,Umbrella Retail 39,person9@example.com,Middle East,IL,Retail,Web,FY26-9,Atlas,Starter,Margaret 14,Won,12,3606.66,0,0,0,43279.92,43279.92,ILS,2026-09-22,Design;Atlas,Sales note 249
SALE-00250,2026-03-29,Stark Healthcare 40,person10@example.com,Latin America,DE,Healthcare,Partner,FY26-10,Beacon,Pro,Alan 15,Lost,19,712.08,5,7,12.5,13529.52,13765.26,JPY,2026-09-25,Data;Beacon,Sales note 250
SALE-00251,2026-04-01,Wayne Media 41,person11@example.com,North America,JP,Media,Email,FY26-11,Canvas,Team,Katherine 16,Prospecting,1,2137.5,15,17,25,2137.5,2150.74,USD,2026-09-28,Security;Canvas,Sales note 251
SALE-00252,2026-04-04,Wonka Logistics 42,person12@example.com,Europe,BR,Logistics,Chat,FY26-12,Delta,Enterprise,Edsger 17,Qualified,8,3562.92,0,20,37.5,28503.36,34241.53,EUR,2026-10-01,Support;Delta,Sales note 252
SALE-00253,2026-04-07,Acme SaaS 43,person13@example.com,Asia Pacific,US,SaaS,Phone,FY26-1,Echo,Starter,Radia 18,Proposal,15,668.34,5,0,0,10025.1,9523.84,GBP,2026-10-04,Platform;Echo,Sales note 253
SALE-00254,2026-04-10,Globex Fintech 44,person14@example.com,Middle East,GB,Fintech,Web,FY26-2,Forge,Pro,Barbara 19,Won,22,2093.76,0,7,12.5,46062.72,49299.61,ILS,2026-10-07,Growth;Forge,"Customer said ""send a revised quote"", follow up next week."
SALE-00255,2026-04-13,Initech Retail 45,person15@example.com,Latin America,IL,Retail,Partner,FY26-3,Helix,Team,Donald 20,Lost,4,3519.18,0,17,25,14076.72,16494.76,JPY,2026-10-10,Design;Helix,Sales note 255
SALE-00256,2026-04-16,"Acme, Healthcare",person16@example.com,North America,DE,Healthcare,Email,FY26-4,Ion,Enterprise,Ada 21,Prospecting,11,624.6,15,20,37.5,6870.6,7045.51,USD,2026-10-13,Data;Ion,Sales note 256
SALE-00257,2026-04-19,Stark Media 47,person17@example.com,Europe,JP,Media,Chat,FY26-5,Atlas,Starter,Grace 22,Qualified,18,2050.02,0,0,0,36900.36,36900.36,EUR,2026-10-16,Security;Atlas,Sales note 257
SALE-00258,2026-04-22,Wayne Logistics 48,person18@example.com,Asia Pacific,BR,Logistics,Phone,FY26-6,Beacon,Pro,Linus 23,Proposal,25,3475.44,0,7,12.5,86886,92980.52,GBP,2026-10-19,Support;Beacon,Sales note 258
SALE-00259,2026-04-25,Wonka SaaS 49,person19@example.com,Middle East,US,SaaS,Web,FY26-7,Canvas,Team,Margaret 24,Won,7,580.86,5,17,25,4066.02,4544.38,ILS,2026-10-22,Platform;Canvas,Sales note 259
SALE-00260,2026-04-28,Acme Fintech 50,person20@example.com,Latin America,GB,Fintech,Partner,FY26-8,Delta,Enterprise,Alan 25,Lost,14,2006.28,0,20,37.5,28087.92,33743,JPY,2026-10-25,Growth;Delta,Sales note 260
SALE-00261,2026-05-01,Globex Retail 51,person21@example.com,North America,IL,Retail,Email,FY26-9,Echo,Starter,Katherine 26,Prospecting,21,3431.7,15,0,0,72065.7,61255.84,USD,2026-10-28,Design;Echo,Sales note 261
SALE-00262,2026-05-04,Initech Healthcare 52,person22@example.com,Europe,DE,Healthcare,Chat,FY26-10,Forge,Pro,Edsger 27,Qualified,3,537.12,5,7,12.5,1611.36,1650.45,EUR,2026-10-31,Data;Forge,Sales note 262
SALE-00263,2026-05-07,Umbrella Media 53,person23@example.com,Asia Pacific,JP,Media,Phone,FY26-11,Helix,Team,Radia 28,Proposal,10,1962.54,0,17,25,19625.4,22986.72,GBP,2026-11-03,Security;Helix,Sales note 263
SALE-00264,2026-05-10,Stark Logistics 54,person24@example.com,Middle East,BR,Logistics,Web,FY26-12,Ion,Enterprise,Barbara 29,Won,17,3387.96,0,20,37.5,57595.32,69151.88,ILS,2026-11-06,Support;Ion,Sales note 264
SALE-00265,2026-05-13,Wayne SaaS 55,person25@example.com,Latin America,US,SaaS,Partner,FY26-1,Atlas,Starter,Donald 30,Lost,24,493.38,5,0,0,11841.12,11249.06,JPY,2026-11-09,Platform;Atlas,Sales note 265
SALE-00266,2026-05-16,Wonka Fintech 56,person26@example.com,North America,GB,Fintech,Email,FY26-2,Beacon,Pro,Ada 1,Prospecting,6,1918.8,15,7,12.5,11512.8,10483.39,USD,2026-11-12,Growth;Beacon,Sales note 266
SALE-00267,2026-05-19,Acme Retail 57,person27@example.com,Europe,IL,Retail,Chat,FY26-3,Canvas,Team,Grace 2,Qualified,13,3344.22,0,17,25,43474.86,50890.59,EUR,2026-11-15,Design;Canvas,Sales note 267
SALE-00268,2026-05-22,Globex Healthcare 58,person28@example.com,Asia Pacific,DE,Healthcare,Phone,FY26-4,Delta,Enterprise,Linus 3,Proposal,20,449.64,5,20,37.5,8992.8,10289.29,GBP,2026-11-18,Data;Delta,Sales note 268
SALE-00269,2026-05-25,Initech Media 59,person29@example.com,Middle East,JP,Media,Web,FY26-5,Echo,Starter,Margaret 4,Won,2,1875.06,0,0,0,3750.12,3750.12,ILS,2026-11-21,Security;Echo,Sales note 269
SALE-00270,2026-05-28,Umbrella Logistics 60,person30@example.com,Latin America,BR,Logistics,Partner,FY26-6,Forge,Pro,Alan 5,Lost,9,3300.48,0,7,12.5,29704.32,31796.12,JPY,2026-11-24,Support;Forge,Sales note 270
SALE-00271,2026-05-31,Stark SaaS 61,person1@example.com,North America,US,SaaS,Email,FY26-7,Helix,Team,Katherine 6,Prospecting,16,405.9,15,17,25,6494.4,6483.68,USD,2026-01-01,Platform;Helix,Sales note 271
SALE-00272,2026-06-03,Wayne Fintech 62,person2@example.com,Europe,GB,Fintech,Chat,FY26-8,Ion,Enterprise,Edsger 7,Qualified,23,1831.32,0,20,37.5,42120.36,50581.93,EUR,2026-01-04,Growth;Ion,Sales note 272
SALE-00273,2026-06-06,"Acme, Retail",person3@example.com,Asia Pacific,IL,Retail,Phone,FY26-9,Atlas,Starter,Radia 8,Proposal,5,3256.74,0,0,0,16283.7,16283.7,GBP,2026-01-07,Design;Atlas,Sales note 273
SALE-00274,2026-06-09,Acme Healthcare 64,person4@example.com,Middle East,DE,Healthcare,Web,FY26-10,Beacon,Pro,Barbara 9,Won,12,362.16,5,7,12.5,4345.92,4430.13,ILS,2026-01-10,Data;Beacon,Sales note 274
SALE-00275,2026-06-12,Globex Media 65,person5@example.com,Latin America,JP,Media,Partner,FY26-11,Canvas,Team,Donald 10,Lost,19,1787.58,0,17,25,33964.02,39762.9,JPY,2026-01-13,Security;Canvas,Sales note 275
SALE-00276,2026-06-15,Initech Logistics 66,person6@example.com,North America,BR,Logistics,Email,FY26-12,Delta,Enterprise,Ada 11,Prospecting,1,3213,15,20,37.5,3213,3314.76,USD,2026-01-16,Support;Delta,Sales note 276
SALE-00277,2026-06-18,Umbrella SaaS 67,person7@example.com,Europe,US,SaaS,Chat,FY26-1,Echo,Starter,Grace 12,Qualified,8,318.42,5,0,0,2547.36,2419.99,EUR,2026-01-19,Platform;Echo,"Customer said ""send a revised quote"", follow up next week."
SALE-00278,2026-06-21,Stark Fintech 68,person8@example.com,Asia Pacific,GB,Fintech,Phone,FY26-2,Forge,Pro,Linus 13,Proposal,15,1743.84,0,7,12.5,26157.6,28001.13,GBP,2026-01-22,Growth;Forge,Sales note 278
SALE-00279,2026-06-24,Wayne Retail 69,person9@example.com,Middle East,IL,Retail,Web,FY26-3,Helix,Team,Margaret 14,Won,22,3169.26,0,17,25,69723.72,81601.75,ILS,2026-01-25,Design;Helix,Sales note 279
SALE-00280,2026-06-27,Wonka Healthcare 70,person10@example.com,Latin America,DE,Healthcare,Partner,FY26-4,Ion,Enterprise,Alan 15,Lost,4,274.68,5,20,37.5,1098.72,1290.04,JPY,2026-01-28,Data;Ion,Sales note 280
SALE-00281,2026-06-30,Acme SaaS 1,person11@example.com,North America,JP,Media,Email,FY26-5,Atlas,Starter,Katherine 16,Prospecting,11,1700.1,15,0,0,18701.1,15895.93,USD,2026-01-31,Security;Atlas,Sales note 281
SALE-00282,2026-07-03,Globex Fintech 2,person12@example.com,Europe,BR,Logistics,Chat,FY26-6,Beacon,Pro,Edsger 17,Qualified,18,3125.52,0,7,12.5,56259.36,60210.02,EUR,2026-02-03,Support;Beacon,Sales note 282
SALE-00283,2026-07-06,Initech Retail 3,person13@example.com,Asia Pacific,US,SaaS,Phone,FY26-7,Canvas,Team,Radia 18,Proposal,25,230.94,5,17,25,5773.5,6442.25,GBP,2026-02-06,Platform;Canvas,Sales note 283
SALE-00284,2026-07-09,Umbrella Healthcare 4,person14@example.com,Middle East,GB,Fintech,Web,FY26-8,Delta,Enterprise,Barbara 19,Won,7,1656.36,0,20,37.5,11594.52,13950.92,ILS,2026-02-09,Growth;Delta,Sales note 284
SALE-00285,2026-07-12,Stark Media 5,person15@example.com,Latin America,IL,Retail,Partner,FY26-9,Echo,Starter,Donald 20,Lost,14,3081.78,0,0,0,43144.92,43144.92,JPY,2026-02-12,Design;Echo,Sales note 285
SALE-00286,2026-07-15,Wayne Logistics 6,person16@example.com,North America,DE,Healthcare,Email,FY26-10,Forge,Pro,Ada 21,Prospecting,21,187.2,15,7,12.5,3931.2,3587.93,USD,2026-02-15,Data;Forge,Sales note 286
SALE-00287,2026-07-18,Wonka SaaS 7,person17@example.com,Europe,JP,Media,Chat,FY26-11,Helix,Team,Grace 22,Qualified,3,1612.62,0,17,25,4837.86,5685.3,EUR,2026-02-18,Security;Helix,Sales note 287
SALE-00288,2026-07-21,Acme Fintech 8,person18@example.com,Asia Pacific,BR,Logistics,Phone,FY26-12,Ion,Enterprise,Linus 23,Proposal,10,3038.04,0,20,37.5,30380.4,36493.98,GBP,2026-02-21,Support;Ion,Sales note 288
SALE-00289,2026-07-24,Globex Retail 9,person19@example.com,Middle East,US,SaaS,Web,FY26-1,Atlas,Starter,Margaret 24,Won,17,143.46,5,0,0,2438.82,2316.88,ILS,2026-02-24,Platform;Atlas,Sales note 289
SALE-00290,2026-07-27,"Acme, Fintech",person20@example.com,Latin America,GB,Fintech,Partner,FY26-2,Beacon,Pro,Alan 25,Lost,24,1568.88,0,7,12.5,37653.12,40301.34,JPY,2026-02-27,Growth;Beacon,Sales note 290
SALE-00291,2026-07-30,Umbrella Media 11,person21@example.com,North America,IL,Retail,Email,FY26-3,Canvas,Team,Katherine 26,Prospecting,6,2994.3,15,17,25,17965.8,17891.99,USD,2026-03-02,Design;Canvas,Sales note 291
SALE-00292,2026-08-02,Stark Logistics 12,person22@example.com,Europe,DE,Healthcare,Chat,FY26-4,Delta,Enterprise,Edsger 27,Qualified,13,99.72,5,20,37.5,1296.36,1515.35,EUR,2026-03-05,Data;Delta,Sales note 292
SALE-00293,2026-08-05,Wayne SaaS 13,person23@example.com,Asia Pacific,JP,Media,Phone,FY26-5,Echo,Starter,Radia 28,Proposal,20,1525.14,0,0,0,30502.8,30502.8,GBP,2026-03-08,Security;Echo,Sales note 293
SALE-00294,2026-08-08,Wonka Fintech 14,person24@example.com,Middle East,BR,Logistics,Web,FY26-6,Forge,Pro,Barbara 29,Won,2,2950.56,0,7,12.5,5901.12,6326.7,ILS,2026-03-11,Support;Forge,Sales note 294
SALE-00295,2026-08-11,Acme Retail 15,person25@example.com,Latin America,US,SaaS,Partner,FY26-7,Helix,Team,Donald 30,Lost,9,55.98,5,17,25,503.82,585,JPY,2026-03-14,Platform;Helix,Sales note 295
SALE-00296,2026-08-14,Globex Healthcare 16,person26@example.com,North America,GB,Fintech,Email,FY26-8,Ion,Enterprise,Ada 1,Prospecting,16,1481.4,15,20,37.5,23702.4,24213.95,USD,2026-03-17,Growth;Ion,Sales note 296
SALE-00297,2026-08-17,Initech Media 17,person27@example.com,Europe,IL,Retail,Chat,FY26-9,Atlas,Starter,Grace 2,Qualified,23,2906.82,0,0,0,66856.86,66856.86,EUR,2026-03-20,Design;Atlas,Sales note 297
SALE-00298,2026-08-20,Umbrella Logistics 18,person28@example.com,Asia Pacific,DE,Healthcare,Phone,FY26-10,Beacon,Pro,Linus 3,Proposal,5,4332.24,5,7,12.5,21661.2,22031.11,GBP,2026-03-23,Data;Beacon,Sales note 298
SALE-00299,2026-08-23,Stark SaaS 19,person29@example.com,Middle East,JP,Media,Web,FY26-11,Canvas,Team,Margaret 4,Won,12,1437.66,0,17,25,17251.92,20209.75,ILS,2026-03-26,Security;Canvas,Sales note 299
SALE-00300,2026-08-26,Wayne Fintech 20,person30@example.com,Latin America,BR,Logistics,Partner,FY26-12,Delta,Enterprise,Alan 5,Lost,19,2863.08,0,20,37.5,54398.52,65315.72,JPY,2026-03-29,Support;Delta,"Customer said ""send a revised quote"", follow up next week."
SALE-00301,2026-08-29,Wonka Retail 21,person1@example.com,North America,US,SaaS,Email,FY26-1,Echo,Starter,Katherine 6,Prospecting,1,4288.5,15,0,0,4288.5,3645.23,USD,2026-04-01,Platform;Echo,Sales note 301
SALE-00302,2026-09-01,Acme Healthcare 22,person2@example.com,Europe,GB,Fintech,Chat,FY26-2,Forge,Pro,Edsger 7,Qualified,8,1393.92,0,7,12.5,11151.36,11944.46,EUR,2026-04-04,Growth;Forge,Sales note 302
SALE-00303,2026-09-04,Globex Media 23,person3@example.com,Asia Pacific,IL,Retail,Phone,FY26-3,Helix,Team,Radia 8,Proposal,15,2819.34,0,17,25,42290.1,49504.42,GBP,2026-04-07,Design;Helix,Sales note 303
SALE-00304,2026-09-07,Initech Logistics 24,person4@example.com,Middle East,DE,Healthcare,Web,FY26-4,Ion,Enterprise,Barbara 9,Won,22,4244.76,5,20,37.5,93384.72,106496.08,ILS,2026-04-10,Data;Ion,Sales note 304
SALE-00305,2026-09-10,Umbrella SaaS 25,person5@example.com,Latin America,JP,Media,Partner,FY26-5,Atlas,Starter,Donald 10,Lost,4,1350.18,0,0,0,5400.72,5400.72,JPY,2026-04-13,Security;Atlas,Sales note 305
SALE-00306,2026-09-13,Stark Fintech 26,person6@example.com,North America,BR,Logistics,Email,FY26-6,Beacon,Pro,Ada 11,Prospecting,11,2775.6,15,7,12.5,30531.6,27780.99,USD,2026-04-16,Support;Beacon,Sales note 306
SALE-00307,2026-09-16,"Acme, SaaS",person7@example.com,Europe,US,SaaS,Chat,FY26-7,Canvas,Team,Grace 12,Qualified,18,4201.02,5,17,25,75618.36,84074.81,EUR,2026-04-19,Platform;Canvas,Sales note 307
SALE-00308,2026-09-19,Wonka Healthcare 28,person8@example.com,Asia Pacific,GB,Fintech,Phone,FY26-8,Delta,Enterprise,Linus 13,Proposal,25,1306.44,0,20,37.5,32661,39230.7,GBP,2026-04-22,Growth;Delta,Sales note 308
SALE-00309,2026-09-22,Acme Media 29,person9@example.com,Middle East,IL,Retail,Web,FY26-9,Echo,Starter,Margaret 14,Won,7,2731.86,0,0,0,19123.02,19123.02,ILS,2026-04-25,Design;Echo,Sales note 309
SALE-00310,2026-09-25,Globex Logistics 30,person10@example.com,Latin America,DE,Healthcare,Partner,FY26-10,Forge,Pro,Alan 15,Lost,14,4157.28,5,7,12.5,58201.92,59174.75,JPY,2026-04-28,Data;Forge,Sales note 310
SALE-00311,2026-09-28,Initech SaaS 31,person11@example.com,North America,JP,Media,Email,FY26-11,Helix,Team,Katherine 16,Prospecting,21,1262.7,15,17,25,26516.7,26395.86,USD,2026-05-01,Security;Helix,Sales note 311
SALE-00312,2026-10-01,Umbrella Fintech 32,person12@example.com,Europe,BR,Logistics,Chat,FY26-12,Ion,Enterprise,Edsger 17,Qualified,3,2688.12,0,20,37.5,8064.36,9714.73,EUR,2026-05-04,Support;Ion,Sales note 312
SALE-00313,2026-10-04,Stark Retail 33,person13@example.com,Asia Pacific,US,SaaS,Phone,FY26-1,Atlas,Starter,Radia 18,Proposal,10,4113.54,5,0,0,41135.4,39078.63,GBP,2026-05-07,Platform;Atlas,Sales note 313
SALE-00314,2026-10-07,Wayne Healthcare 34,person14@example.com,Middle East,GB,Fintech,Web,FY26-2,Beacon,Pro,Barbara 19,Won,17,1218.96,0,7,12.5,20722.32,22185.38,ILS,2026-05-10,Growth;Beacon,Sales note 314
SALE-00315,2026-10-10,Wonka Media 35,person15@example.com,Latin America,IL,Retail,Partner,FY26-3,Canvas,Team,Donald 20,Lost,24,2644.38,0,17,25,63465.12,74279.19,JPY,2026-05-13,Design;Canvas,Sales note 315
SALE-00316,2026-10-13,Acme Logistics 36,person16@example.com,North America,DE,Healthcare,Email,FY26-4,Delta,Enterprise,Ada 21,Prospecting,6,4069.8,15,20,37.5,24418.8,24944.68,USD,2026-05-16,Data;Delta,Sales note 316
SALE-00317,2026-10-16,Globex SaaS 37,person17@example.com,Europe,JP,Media,Chat,FY26-5,Echo,Starter,Grace 22,Qualified,13,1175.22,0,0,0,15277.86,15277.86,EUR,2026-05-19,Security;Echo,Sales note 317
SALE-00318,2026-10-19,Initech Fintech 38,person18@example.com,Asia Pacific,BR,Logistics,Phone,FY26-6,Forge,Pro,Linus 23,Proposal,20,2600.64,0,7,12.5,52012.8,55666.2,GBP,2026-05-22,Support;Forge,Sales note 318
SALE-00319,2026-10-22,Umbrella Retail 39,person19@example.com,Middle East,US,SaaS,Web,FY26-7,Helix,Team,Margaret 24,Won,2,4026.06,5,17,25,8052.12,8974.93,ILS,2026-05-25,Platform;Helix,Sales note 319
SALE-00320,2026-10-25,Stark Healthcare 40,person20@example.com,Latin America,GB,Fintech,Partner,FY26-8,Ion,Enterprise,Alan 25,Lost,9,1131.48,0,20,37.5,10183.32,12257.48,JPY,2026-05-28,Growth;Ion,Sales note 320
SALE-00321,2026-10-28,Wayne Media 41,person21@example.com,North America,IL,Retail,Email,FY26-9,Atlas,Starter,Katherine 26,Prospecting,16,2556.9,15,0,0,40910.4,34773.84,USD,2026-05-31,Design;Atlas,Sales note 321
SALE-00322,2026-10-31,Wonka Logistics 42,person22@example.com,Europe,DE,Healthcare,Chat,FY26-10,Beacon,Pro,Edsger 27,Qualified,23,3982.32,5,7,12.5,91593.36,93117.15,EUR,2026-06-03,Data;Beacon,Sales note 322
SALE-00323,2026-11-03,Acme SaaS 43,person23@example.com,Asia Pacific,JP,Media,Phone,FY26-11,Canvas,Team,Radia 28,Proposal,5,1087.74,0,17,25,5438.7,6388.28,GBP,2026-06-06,Security;Canvas,"Customer said ""send a revised quote"", follow up next week."
SALE-00324,2026-11-06,"Acme, Logistics",person24@example.com,Middle East,BR,Logistics,Web,FY26-12,Delta,Enterprise,Barbara 29,Won,12,2513.16,0,20,37.5,30157.92,36227,ILS,2026-06-09,Support;Delta,Sales note 324
SALE-00325,2026-11-09,Initech Retail 45,person25@example.com,Latin America,US,SaaS,Partner,FY26-1,Echo,Starter,Donald 30,Lost,19,3938.58,5,0,0,74833.02,71091.37,JPY,2026-06-12,Platform;Echo,Sales note 325
SALE-00326,2026-11-12,Umbrella Healthcare 46,person26@example.com,North America,GB,Fintech,Email,FY26-2,Forge,Pro,Ada 1,Prospecting,1,1044,15,7,12.5,1044,962.02,USD,2026-06-15,Growth;Forge,Sales note 326
SALE-00327,2026-11-15,Stark Media 47,person27@example.com,Europe,IL,Retail,Chat,FY26-3,Helix,Team,Grace 2,Qualified,8,2469.42,0,17,25,19755.36,23138.77,EUR,2026-06-18,Design;Helix,Sales note 327
SALE-00328,2026-11-18,Wayne Logistics 48,person28@example.com,Asia Pacific,DE,Healthcare,Phone,FY26-4,Ion,Enterprise,Linus 3,Proposal,15,3894.84,5,20,37.5,58422.6,66639.26,GBP,2026-06-21,Data;Ion,Sales note 328
SALE-00329,2026-11-21,Wonka SaaS 49,person29@example.com,Middle East,JP,Media,Web,FY26-5,Atlas,Starter,Margaret 4,Won,22,1000.26,0,0,0,22005.72,22005.72,ILS,2026-06-24,Security;Atlas,Sales note 329
SALE-00330,2026-11-24,Acme Fintech 50,person30@example.com,Latin America,BR,Logistics,Partner,FY26-6,Beacon,Pro,Alan 5,Lost,4,2425.68,0,7,12.5,9702.72,10394.41,JPY,2026-06-27,Support;Beacon,Sales note 330
SALE-00331,2026-01-01,Globex Retail 51,person1@example.com,North America,US,SaaS,Email,FY26-7,Canvas,Team,Katherine 6,Prospecting,11,3851.1,15,17,25,42362.1,42154.11,USD,2026-06-30,Platform;Canvas,Sales note 331
SALE-00332,2026-01-04,Initech Healthcare 52,person2@example.com,Europe,GB,Fintech,Chat,FY26-8,Delta,Enterprise,Edsger 7,Qualified,18,956.52,0,20,37.5,17217.36,20698.33,EUR,2026-07-03,Growth;Delta,Sales note 332
SALE-00333,2026-01-07,Umbrella Media 53,person3@example.com,Asia Pacific,IL,Retail,Phone,FY26-9,Echo,Starter,Radia 8,Proposal,25,2381.94,0,0,0,59548.5,59548.5,GBP,2026-07-06,Design;Echo,Sales note 333
SALE-00334,2026-01-10,Stark Logistics 54,person4@example.com,Middle East,DE,Healthcare,Web,FY26-10,Forge,Pro,Barbara 9,Won,7,3807.36,5,7,12.5,26651.52,27103.77,ILS,2026-07-09,Data;Forge,Sales note 334
SALE-00335,2026-01-13,Wayne SaaS 55,person5@example.com,Latin America,JP,Media,Partner,FY26-11,Helix,Team,Donald 10,Lost,14,912.78,0,17,25,12778.92,14976.34,JPY,2026-07-12,Security;Helix,Sales note 335
SALE-00336,2026-01-16,Wonka Fintech 56,person6@example.com,North America,BR,Logistics,Email,FY26-12,Ion,Enterprise,Ada 11,Prospecting,21,2338.2,15,20,37.5,49102.2,50121.74,USD,2026-07-15,Support;Ion,Sales note 336
SALE-00337,2026-01-19,Acme Retail 57,person7@example.com,Europe,US,SaaS,Chat,FY26-1,Atlas,Starter,Grace 12,Qualified,3,3763.62,5,0,0,11290.86,10726.32,EUR,2026-07-18,Platform;Atlas,Sales note 337
SALE-00338,2026-01-22,Globex Healthcare 58,person8@example.com,Asia Pacific,GB,Fintech,Phone,FY26-2,Beacon,Pro,Linus 13,Proposal,10,869.04,0,7,12.5,8690.4,9311.23,GBP,2026-07-21,Growth;Beacon,Sales note 338
SALE-00339,2026-01-25,Initech Media 59,person9@example.com,Middle East,IL,Retail,Web,FY26-3,Canvas,Team,Margaret 14,Won,17,2294.46,0,17,25,39005.82,45661.81,ILS,2026-07-24,Design;Canvas,Sales note 339
SALE-00340,2026-01-28,Umbrella Logistics 60,person10@example.com,Latin America,DE,Healthcare,Partner,FY26-4,Delta,Enterprise,Alan 15,Lost,24,3719.88,5,20,37.5,89277.12,101813.42,JPY,2026-07-27,Data;Delta,Sales note 340
SALE-00341,2026-01-31,"Acme, Media",person11@example.com,North America,JP,Media,Email,FY26-5,Echo,Starter,Katherine 16,Prospecting,6,825.3,15,0,0,4951.8,4209.03,USD,2026-07-30,Security;Echo,Sales note 341
SALE-00342,2026-02-03,Wayne Fintech 62,person12@example.com,Europe,BR,Logistics,Chat,FY26-6,Forge,Pro,Edsger 17,Qualified,13,2250.72,0,7,12.5,29259.36,31320.02,EUR,2026-08-02,Support;Forge,Sales note 342
SALE-00343,2026-02-06,Wonka Retail 63,person13@example.com,Asia Pacific,US,SaaS,Phone,FY26-7,Helix,Team,Radia 18,Proposal,20,3676.14,5,17,25,73522.8,81745.59,GBP,2026-08-05,Platform;Helix,Sales note 343
SALE-00344,2026-02-09,Acme Healthcare 64,person14@example.com,Middle East,GB,Fintech,Web,FY26-8,Ion,Enterprise,Barbara 19,Won,2,781.56,0,20,37.5,1563.12,1913.24,ILS,2026-08-08,Growth;Ion,Sales note 344
SALE-00345,2026-02-12,Globex Media 65,person15@example.com,Latin America,IL,Retail,Partner,FY26-9,Atlas,Starter,Donald 20,Lost,9,2206.98,0,0,0,19862.82,19862.82,JPY,2026-08-11,Design;Atlas,Sales note 345
SALE-00346,2026-02-15,Initech Logistics 66,person16@example.com,North America,DE,Healthcare,Email,FY26-10,Beacon,Pro,Ada 21,Prospecting,16,3632.4,15,7,12.5,58118.4,52871.18,USD,2026-08-14,Data;Beacon,"Customer said ""send a revised quote"", follow up next week."
SALE-00347,2026-02-18,Umbrella SaaS 67,person17@example.com,Europe,JP,Media,Chat,FY26-11,Canvas,Team,Grace 22,Qualified,23,737.82,0,17,25,16969.86,19879.74,EUR,2026-08-17,Security;Canvas,Sales note 347
SALE-00348,2026-02-21,Stark Fintech 68,person18@example.com,Asia Pacific,BR,Logistics,Phone,FY26-12,Delta,Enterprise,Linus 23,Proposal,5,2163.24,0,20,37.5,10816.2,13016.94,GBP,2026-08-20,Support;Delta,Sales note 348
SALE-00349,2026-02-24,Wayne Retail 69,person19@example.com,Middle East,US,SaaS,Web,FY26-1,Echo,Starter,Margaret 24,Won,12,3588.66,5,0,0,43063.92,40910.72,ILS,2026-08-23,Platform;Echo,Sales note 349
SALE-00350,2026-02-27,Wonka Healthcare 70,person20@example.com,Latin America,GB,Fintech,Partner,FY26-2,Forge,Pro,Alan 25,Lost,19,694.08,0,7,12.5,13187.52,14123.15,JPY,2026-08-26,Growth;Forge,Sales note 350
